温州,S1线,桐岭
大连,1号线,姚家
乌鲁木齐,1号线,国际机场
太原,2号线,尖草坪
兰州,1号线,陈官营
长春,1号线,北环城路
济南,1号线,方特
昆明,1号线(环城南路-大学城南),环城南路
东莞,2号线,东莞火车站
南昌,1号线,双港
呼和浩特,1号线,伊利健康谷
厦门,1号线,镇海路
石家庄,1号线,西王
南宁,1号线,火车东站
温州,S1线,潘桥
徐州,1号线,路窝
沈阳,1号线,黎明广场
合肥,1号线,九联圩
郑州,1号线,河南工业大学
无锡,1号线,堰桥
佛山,南海有轨电车1号线,岗
重庆,1号线,朝天门
哈尔滨,1号线,新疆大街
福州,1号线,象峰
长沙,1号线,开福区政府
南京,S1号线(机场线),空港新城江宁
北京,S1线,苹果园
大连,1号线,大连北站
深圳,1号线/罗宝线,罗湖
杭州,1号线,湘湖
苏州,1号线,木渎
青岛,1号线,东郭庄
宁波,1号线,霞浦
常州,1号线,森林公园
西安,1号线,沣河森林公园
贵阳,1号线,小孟工业园
天津,1号线,刘园
广州,1号线,西i
成都,1号线(五根松-韦家碾),五根松
武汉,1号线,汉口北
上海,1号线,莘庄
乌鲁木齐,1号线,大地窝堡
太原,2号线,涧河
兰州,1号线,深安大桥南
长春,1号线,庆丰路
济南,1号线,济南西站
昆明,1号线(环城南路-大学城南),昆明火车站
东莞,2号线,茶山
南昌,1号线,孔目湖
呼和浩特,1号线,西二环路
厦门,1号线,中山公园
石家庄,1号线,时光街
南宁,1号线,佛子岭
温州,S1线,动车南站
徐州,1号线,杏山子
沈阳,1号线,滂江街
合肥,1号线,丙子铺
郑州,1号线,郑大科技园
无锡,1号线,锡北运河
佛山,南海有轨电车1号线,华翠路
重庆,1号线,小什字
哈尔滨,1号线,渤海路
福州,1号线,秀山
长沙,1号线,马厂
香港,迪士尼,欣澳
南京,S1号线(机场线),禄口机场
北京,S1线,金安桥
大连,1号线,华北路
深圳,1号线/罗宝线,国贸
杭州,1号线,滨康路
苏州,1号线,金枫路
青岛,1号线,沟岔
宁波,1号线,长江路
常州,1号线,新龙
西安,1号线,北槐
贵阳,1号线,清水江路
天津,1号线,瑞景新苑
广州,1号线,坑口
成都,1号线(五根松-韦家碾),广都
武汉,1号线,滠口新城
上海,1号线,外环路
乌鲁木齐,1号线,宣仁墩
太原,2号线,胜利街
兰州,1号线,兰州城市学院(省科技馆)
长春,1号线,一匡街
济南,1号线,大杨
昆明,1号线(环城南路-大学城南),福德
东莞,2号线,榴花公园
南昌,1号线,长江路
呼和浩特,1号线,孔家营
厦门,1号线,将军祠
石家庄,1号线,长城桥
南宁,1号线,百花岭
温州,S1线,新桥
徐州,1号线,韩山
沈阳,1号线,东中街
合肥,1号线,万年埠
郑州,1号线,郑州大学
无锡,1号线,西漳
佛山,南海有轨电车1号线,夏西
重庆,1号线,较场口
哈尔滨,1号线,镜泊路
福州,1号线,罗汉山
长沙,1号线,北辰三角洲
香港,东铁线(落R洲-t|),金钟
南京,S1号线(机场线),翔宇路南
北京,S1线,四道桥
大连,1号线,华南北
深圳,1号线/罗宝线,老街
杭州,1号线,西兴
苏州,1号线,汾湖路
青岛,1号线,农业大学
宁波,1号线,中河路
常州,1号线,旅游学校
西安,1号线,上林路
贵阳,1号线,长江路
天津,1号线,佳园里
广州,1号线,花地湾
成都,1号线(五根松-韦家碾),四河
武汉,1号线,滕子岗
上海,1号线,莲花路
乌鲁木齐,1号线,三工
太原,2号线,大北门
兰州,1号线,兰州海关
长春,1号线,长春站北
济南,1号线,王府庄
昆明,1号线(环城南路-大学城南),日新路
东莞,2号线,下桥
南昌,1号线,珠江路
呼和浩特,1号线,呼钢东路
厦门,1号线,文灶
石家庄,1号线,和平医院
南宁,1号线,岸客运站
温州,S1线,德政
徐州,1号线,工农路
沈阳,1号线,中街
合肥,1号线,万达城
郑州,1号线,梧桐街
无锡,1号线,天一
佛山,南海有轨电车1号线,夏东
重庆,1号线,七星岗
哈尔滨,1号线,镜泊路
福州,1号线,福州火车站
长沙,1号线,开福寺
香港,东铁线(落R洲-t|),会展
南京,S1号线(机场线),翔宇路北
北京,S1线,桥户营
大连,1号线,华南广场
深圳,1号线/罗宝线,大剧院
杭州,1号线,滨和路
苏州,1号线,玉山路
青岛,1号线,正阳中路
宁波,1号线,松花江路
常州,1号线,新桥
西安,1号线,沣东自贸园
贵阳,1号线,珠江路
天津,1号线,本溪路
广州,1号线,芳村
成都,1号线(五根松-韦家碾),华府大道
武汉,1号线,堤角
上海,1号线,锦江乐园
乌鲁木齐,1号线,迎宾路口
太原,2号线,缉虎营
兰州,1号线,马滩
长春,1号线,长春站
济南,1号线,玉符河
昆明,1号线(环城南路-大学城南),巫家坝
东莞,2号线,天宝
南昌,1号线,庐山南大道
呼和浩特,1号线,西龙王庙
厦门,1号线,湖滨东路
石家庄,1号线,烈士陵园
南宁,1号线,凤岭
温州,S1线,龙霞路
徐州,1号线,人民广场
沈阳,1号线,怀远门
合肥,1号线,云谷路
郑州,1号线,兰寨
无锡,1号线,刘潭
佛山,南海有轨电车1号线,康怡公园
重庆,1号线,两路口
哈尔滨,1号线,瓦盆窑
福州,1号线,斗门
长沙,1号线,文昌阁
香港,东铁线(落R洲-t|),红|
南京,S1号线(机场线),正方中路
北京,S1线,上岸
大连,1号线,千山路
深圳,1号线/罗宝线,大剧院
杭州,1号线,江陵路
苏州,1号线,狮子山
青岛,1号线,小寨子
宁波,1号线,大\
常州,1号线,常州北站
西安,1号线,后卫寨
贵阳,1号线,望城坡
天津,1号线,勤俭道
广州,1号线,黄沙
成都,1号线(五根松-韦家碾),天府五街
武汉,1号线,新荣
上海,1号线,上海南站
乌鲁木齐,1号线,植物园
太原,2号线,府西街
兰州,1号线,土门墩
长春,1号线,胜利公园
济南,1号线,赵营
昆明,1号线(环城南路-大学城南),昌宏西路
东莞,2号线,东城
南昌,1号线,绿茵路
呼和浩特,1号线,乌兰夫纪念馆
厦门,1号线,莲坂
石家庄,1号线,新百广场
南宁,1号线,东盟商务区
温州,S1线,惠民路
徐州,1号线,苏堤路
沈阳,1号线,青年大街
合肥,1号线,金斗公园
郑州,1号线,铁炉
无锡,1号线,庄前
佛山,南海有轨电车1号线,平西
重庆,1号线,鹅岭
哈尔滨,1号线,同江路
福州,1号线,树兜
长沙,1号线,培元桥
香港,东铁线(落R洲-t|),旺角东
南京,S1号线(机场线),吉印大道
北京,S1线,栗园庄
大连,1号线,松江路
深圳,1号线/罗宝线,科学馆
杭州,1号线,近江
苏州,1号线,塔园路
青岛,1号线,凤岗路
宁波,1号线,邬隘
常州,1号线,北郊中学
西安,1号线,三桥
贵阳,1号线,沙冲路
天津,1号线,洪湖里
广州,1号线,长寿路
成都,1号线(五根松-韦家碾),天府三街
武汉,1号线,丹水池
上海,1号线,漕宝路
乌鲁木齐,1号线,体育中心
太原,2号线,开化寺街
兰州,1号线,兰州西站北广场
长春,1号线,人民广场
济南,1号线,紫薇路
昆明,1号线(环城南路-大学城南),晓东村
东莞,2号线,旗峰公园
南昌,1号线,卫东
呼和浩特,1号线,附属医院
厦门,1号线,莲花路口
石家庄,1号线,解放广场
南宁,1号线,万象城
温州,S1线,三湿地
徐州,1号线,徐医附院
沈阳,1号线,南市场
合肥,1号线,塘西河公园
郑州,1号线,市民中心
无锡,1号线,民丰
佛山,南海有轨电车1号线,平南
重庆,1号线,大坪
哈尔滨,1号线,哈尔滨南站
福州,1号线,屏山
长沙,1号线,五一广场
香港,东铁线(落R洲-t|),九龙塘
北京,S1线,小园
南京,S1号线(机场线),河海大学・佛城西路
大连,1号线,东纬路
深圳,1号线/罗宝线,华强路
杭州,1号线,婺江路
苏州,1号线,滨河路
青岛,1号线,流亭
宁波,1号线,宝幢
常州,1号线,外国语学校
西安,1号线,皂河
贵阳,1号线,贵阳火车站
天津,1号线,西站
广州,1号线,陈家祠
成都,1号线(五根松-韦家碾),世纪城
武汉,1号线,徐州新村
上海,1号线,上海体育馆
乌鲁木齐,1号线,铁路局
太原,2号线,大南门
兰州,1号线,西站什字
长春,1号线,解放大路
济南,1号线,大学城
昆明,1号线(环城南路-大学城南),珥季路
东莞,2号线,鸿福路
南昌,1号线,地铁大厦
呼和浩特,1号线,新华广场
厦门,1号线,吕厝
石家庄,1号线,平安大街
南宁,1号线,会展中心
温州,S1线,龙腾路
徐州,1号线,彭城广场
沈阳,1号线,太原街
合肥,1号线,紫庐
郑州,1号线,西流湖
无锡,1号线,无锡火车站
佛山,南海有轨电车1号线,玉器街
重庆,1号线,石油路
哈尔滨,1号线,哈达
福州,1号线,东街口
长沙,1号线,黄兴广场
香港,东铁线(落R洲-t|),大围
北京,S1线,石厂
南京,S1号线(机场线),翠屏山
大连,1号线,春柳
深圳,1号线/罗宝线,岗厦
杭州,1号线,城站
苏州,1号线,西环路
青岛,1号线,仙家寨(汽车北站)
宁波,1号线,五乡
常州,1号线,环球港
西安,1号线,枣园
贵阳,1号线,河滨公园
天津,1号线,西北角
广州,1号线,西门口
成都,1号线(五根松-韦家碾),锦城广场
武汉,1号线,二七路
上海,1号线,徐家汇
乌鲁木齐,1号线,小西沟
太原,2号线,体育馆
兰州,1号线,七里河
长春,1号线,东北师大
济南,1号线,园博园
昆明,1号线(环城南路-大学城南),星耀路
东莞,2号线,西平
南昌,1号线,秋水广场
呼和浩特,1号线,人民会堂
厦门,1号线,乌石浦
石家庄,1号线,北国商城
南宁,1号线,金湖广场
温州,S1线,科技城
徐州,1号线,民主北路
沈阳,1号线,沈阳站
合肥,1号线,滨湖会展中心
郑州,1号线,西三环
无锡,1号线,胜利门
佛山,南海有轨电车1号线,中区
重庆,1号线,歇台子
哈尔滨,1号线,医大二院
福州,1号线,南门兜
长沙,1号线,南门口
香港,东铁线(落R洲-t|),沙田
北京,1号线八通线,古城
南京,S1号线(机场线),南京南站
大连,1号线,香工街
深圳,1号线/罗宝线,会展中心
杭州,1号线,定安路
苏州,1号线,桐泾北路
青岛,1号线,瑞金路
宁波,1号线,邱隘东
常州,1号线,新区公园
西安,1号线,汉城路
贵阳,1号线,中山西路
天津,1号线,西南角
广州,1号线,公园前
成都,1号线(五根松-韦家碾),孵化园
武汉,1号线,头道街
上海,1号线,衡山路
乌鲁木齐,1号线,中营工
太原,2号线,南内环
兰州,1号线,小西湖
长春,1号线,工农广场
济南,1号线,创新谷
昆明,1号线(环城南路-大学城南),新亚洲体育城
东莞,2号线,蛤地
南昌,1号线,滕王阁
呼和浩特,1号线,将军衙署
厦门,1号线,塘边
石家庄,1号线,博物院
南宁,1号线,南湖
温州,S1线,瑶溪
徐州,1号线,徐州火车站
沈阳,1号线,云峰北街
合肥,1号线,高王
郑州,1号线,秦岭路
无锡,1号线,三阳广场
佛山,南海有轨电车1号线,三山新城北
重庆,1号线,石桥铺
哈尔滨,1号线,黑龙江大学
福州,1号线,茶亭
长沙,1号线,侯家塘
香港,东铁线(落R洲-t|),火炭
北京,1号线八通线,八角游乐园
南京,1号线,中国药科大学
大连,1号线,中长街
深圳,1号线/罗宝线,购物公园
杭州,1号线,龙翔桥
苏州,1号线,广济南路
青岛,1号线,遵义路
宁波,1号线,东环南路
常州,1号线,河海
西安,1号线,开远门
贵阳,1号线,喷水池
天津,1号线,二纬路
广州,1号线,农讲所
成都,1号线(五根松-韦家碾),金融城
武汉,1号线,黄浦路
上海,1号线,常熟路
乌鲁木齐,1号线,新疆图书馆
太原,2号线,王村南街
兰州,1号线,文化宫
长春,1号线,繁荣路
济南,1号线,工研院
昆明,1号线(环城南路-大学城南),南部汽车站
东莞,2号线,陈屋
南昌,1号线,万寿宫
呼和浩特,1号线,艺术学院
厦门,1号线,火炬园
石家庄,1号线,体育场
南宁,1号线,麻村
温州,S1线,奥体中心
徐州,1号线,子房山
沈阳,1号线,铁西广场
合肥,1号线,骆岗
郑州,1号线,五一公园
无锡,1号线,南禅寺
佛山,南海有轨电车1号线,文翰湖公园(季华实验室)
重庆,1号线,高庙村
哈尔滨,1号线,理工大学
福州,1号线,达道
长沙,1号线,南湖路
香港,东铁线(落R洲-t|),大学
北京,1号线八通线,八宝山
南京,1号线,南京交院
大连,1号线,兴工街
深圳,1号线/罗宝线,香蜜湖
杭州,1号线,凤起路
苏州,1号线,养育巷
青岛,1号线,南岭
宁波,1号线,盛莫路
常州,1号线,奥体中心
西安,1号线,劳动路
贵阳,1号线,北京路
天津,1号线,海光寺
广州,1号线,烈士陵园
成都,1号线(五根松-韦家碾),高新
武汉,1号线,三阳路
上海,1号线,陕西南路
乌鲁木齐,1号线,八楼
太原,2号线,长风街
兰州,1号线,西关
长春,1号线,卫星广场
济南,2号线,王府庄
昆明,1号线(环城南路-大学城南),斗南
东莞,2号线,寮厦
南昌,1号线,八一馆
呼和浩特,1号线,东影路
厦门,1号线,殿前
石家庄,1号线,北宋
南宁,1号线,民族广场
温州,S1线,永中
徐州,1号线,铜山路
沈阳,1号线,保工街
合肥,1号线,南站南广场
郑州,1号线,碧沙岗
无锡,1号线,谈渡桥
佛山,南海有轨电车1号线,三山新城南
重庆,1号线,马家岩
哈尔滨,1号线,学府路
福州,1号线,上藤
长沙,1号线,黄土岭
香港,东铁线(落R洲-t|),大埔墟
北京,1号线八通线,玉泉路
南京,1号线,南医大・江苏经贸学院
大连,1号线,西安路
深圳,1号线/罗宝线,车公庙
杭州,1号线,武林广场
苏州,1号线,乐桥
青岛,1号线,兴国路
宁波,1号线,福庆北路
常州,1号线,市民广场
西安,1号线,玉祥门
贵阳,1号线,八鸽岩
天津,1号线,鞍山道
广州,1号线,东山口
成都,1号线(五根松-韦家碾),火车南站
武汉,1号线,大智路
上海,1号线,一大会址・黄陂南路
乌鲁木齐,1号线,王家梁
太原,2号线,学府街
兰州,1号线,省政府
长春,1号线,市政府
济南,2号线,腊山南
昆明,1号线(环城南路-大学城南),春融街
东莞,2号线,珊美
南昌,1号线,八一广场
呼和浩特,1号线,内蒙古展览馆
厦门,1号线,高崎
石家庄,1号线,谈固
南宁,1号线,新民路
温州,S1线,机场
徐州,1号线,黄山垅
沈阳,1号线,启工街
合肥,1号线,合肥南站
郑州,1号线,绿城广场
无锡,1号线,太湖广场
佛山,南海有轨电车1号线,林岳北
重庆,1号线,小龙坎
哈尔滨,1号线,和兴路
福州,1号线,三叉街
长沙,1号线,涂家冲
香港,东铁线(落R洲-t|),太和
北京,1号线八通线,五棵松
南京,1号线,龙眠大道
大连,1号线,富国街
深圳,1号线/罗宝线,竹子林
杭州,1号线,西湖文化广场
苏州,1号线,临顿路
青岛,1号线,永年路
宁波,1号线,海晏北路
常州,1号线,翠竹
西安,1号线,洒金桥
贵阳,1号线,南垭路
天津,1号线,营口道
广州,1号线,杨箕
成都,1号线(五根松-韦家碾),桐梓林
武汉,1号线,循礼门
上海,1号线,人民广场
乌鲁木齐,1号线,南湖北路
太原,2号线,南中环
兰州,1号线,东方红广场
长春,1号线,华庆路
济南,2号线,腊山
昆明,1号线(环城南路-大学城南),驼峰街
东莞,2号线,展览中心
南昌,1号线,丁公路北
呼和浩特,1号线,内蒙古博物院
厦门,1号线,集美学村
石家庄,1号线,朝晖桥
南宁,1号线,朝阳广场
温州,S1线,灵昆
徐州,1号线,庆丰路
沈阳,1号线,重工街
合肥,1号线,望湖城
郑州,1号线,医学院
无锡,1号线,清名桥
佛山,南海有轨电车1号线,林岳西
重庆,1号线,沙坪坝
哈尔滨,1号线,西大桥
福州,1号线,白湖亭
长沙,1号线,铁道学院
香港,东铁线(落R洲-t|),粉岭
北京,1号线八通线,万寿路
南京,1号线,天印大道
大连,1号线,会展中心
深圳,1号线/罗宝线,侨城东
杭州,1号线,打铁关
苏州,1号线,相门
青岛,1号线,沧安路
宁波,1号线,世纪大道
常州,1号线,常州火车站
西安,1号线,北大街
贵阳,1号线,雅关
天津,1号线,小白楼
广州,1号线,体育西路
成都,1号线(五根松-韦家碾),倪家桥
武汉,1号线,友谊路
上海,1号线,新闸路
乌鲁木齐,1号线,南湖广场
太原,2号线,晋阳街
兰州,1号线,兰州大学
长春,1号线,红嘴子
济南,2号线,二环西路
昆明,1号线(环城南路-大学城南),联大街
东莞,2号线,虎门火车站
南昌,1号线,师大南路
呼和浩特,1号线,市政府
厦门,1号线,园博苑
石家庄,1号线,白佛
南宁,1号线,火车站
温州,S1线,瓯江口
徐州,1号线,医科大学
沈阳,1号线,迎宾路
合肥,1号线,葛大店
郑州,1号线,郑州火车站
无锡,1号线,人民医院
佛山,南海有轨电车1号线,林岳东
重庆,1号线,杨公桥
哈尔滨,1号线,哈工大
福州,1号线,葫芦阵
长沙,1号线,友谊路
香港,东铁线(落R洲-t|),上水
深圳,1号线/罗宝线,华侨城
西安,1号线,五路口
南京,1号线,竹山路
苏州,1号线,东环路
北京,1号线八通线,公主坟
常州,1号线,博爱路
广州,1号线,体育中心
杭州,1号线,闸弄口
青岛,1号线,青岛北站
天津,1号线,下瓦房
大连,1号线,星海广场
贵阳,1号线,贵阳北站
成都,1号线(五根松-韦家碾),省体育馆
徐州,1号线,乔家湖
济南,2号线,老屯
兰州,1号线,五里铺
南昌,1号线,彭家桥
太原,2号线,龙兴街
武汉,1号线,利济北路
昆明,1号线(环城南路-大学城南),谊康南路
乌鲁木齐,1号线,新兴街
石家庄,1号线,留村
长春,2号线,汽车公园
呼和浩特,1号线,呼和浩特东站
厦门,1号线,杏林村
上海,1号线,汉中路
温州,S1线,瓯华
合肥,1号线,秋浦河路
福州,1号线,黄山
重庆,1号线,烈士墓
哈尔滨,1号线,铁路局
郑州,1号线,二七广场
佛山,佛山2号线,南庄
沈阳,1号线,于洪广场
长沙,1号线,省政府・清风
无锡,1号线,华清大桥
香港,东铁线(落R洲-t|),落马洲
西安,1号线,朝阳门
宁波,1号线,樱花公园
深圳,1号线/罗宝线,世界之窗
北京,1号线八通线,军事博物馆
南京,1号线,小龙湾
青岛,1号线,安顺路
杭州,1号线,火车东站
苏州,1号线,中央公园
广州,1号线,广州东站
天津,1号线,南楼
大连,1号线,大医二院
常州,1号线,文化宫
贵阳,1号线,白鹭湖
成都,1号线(五根松-韦家碾),华西坝
徐州,1号线,金龙湖
兰州,1号线,省气象局
武汉,1号线,崇仁路
石家庄,1号线,火炬广场
昆明,1号线(环城南路-大学城南),大学城
济南,2号线,八里桥
重庆,1号线,磁器口
南昌,1号线,谢家村
厦门,1号线,杏锦路
乌鲁木齐,1号线,北门
哈尔滨,1号线,博物馆
温州,S1线,双瓯大道
沈阳,1号线,开发大道
南宁,1号线,广西大学
合肥,1号线,朱岗
福州,1号线,排下
太原,2号线,龙城公园
呼和浩特,1号线,后不塔气
上海,1号线,上海火车站
佛山,佛山2号线,湖涌
长春,2号线,捷达大路
长沙,1号线,桂花坪
无锡,1号线,扬名
郑州,1号线,人民路
香港,东铁线(_湖-t|),金钟
西安,1号线,康复路
宁波,1号线,舟孟北路
深圳,1号线/罗宝线,白石洲
北京,1号线八通线,木樨地
南京,1号线,百家湖
青岛,1号线,胜利桥(纺织谷)
杭州,1号线,彭埠
苏州,1号线,星海广场
广州,佛山2号线,广州南站
天津,1号线,土城
大连,1号线,黑石礁
常州,1号线,同济桥
贵阳,1号线,新寨
成都,1号线(五根松-韦家碾),锦江宾馆
徐州,1号线,徐州东站
兰州,1号线,拱星墩
武汉,1号线,~口路
石家庄,1号线,石家庄东站
昆明,1号线(环城南路-大学城南),大学城南
济南,2号线,益康路
重庆,1号线,石井坡
南昌,1号线,青山湖大道
厦门,1号线,官任
乌鲁木齐,1号线,南门
哈尔滨,1号线,医大一院
沈阳,1号线,张士
南宁,1号线,鲁班路
合肥,1号线,合工大南区
福州,1号线,城门
太原,2号线,嘉节
呼和浩特,1号线,什兰岱
上海,1号线,中山北路
佛山,佛山2号线,绿岛湖
长春,2号线,西湖
长沙,1号线,大托
无锡,1号线,南湖家园
郑州,1号线,紫荆山
香港,东铁线(_湖-t|),会展
西安,1号线,通化门
宁波,1号线,江厦桥东
深圳,1号线/罗宝线,高新园
北京,1号线八通线,南礼士路
南京,1号线,胜太路
青岛,1号线,中心医院
杭州,1号线,七堡
苏州,1号线,东方之门
广州,佛山2号线,林岳东
天津,1号线,陈塘庄
大连,1号线,学苑广场
常州,1号线,清凉寺
贵阳,1号线,阳关
成都,1号线(五根松-韦家碾),天府广场
徐州,2号线,客运北站
兰州,1号线,焦家湾
武汉,1号线,太平洋
石家庄,1号线,南村
昆明,1号线(环城南路-昆明南火车站),环城南路
济南,2号线,济南站北
重庆,1号线,双碑
南昌,1号线,高新大道
厦门,1号线,诚毅广场
乌鲁木齐,1号线,二道桥
哈尔滨,1号线,烟厂
沈阳,1号线,四号街
南宁,1号线,动物园
合肥,1号线,包公园
福州,1号线,三角埕
太原,2号线,电子西街
呼和浩特,1号线,白塔西
上海,1号线,延长路
佛山,佛山2号线,智慧新城
长春,2号线,双丰
长沙,1号线,中信广场
无锡,1号线,塘铁桥
郑州,1号线,燕庄
香港,东铁线(_湖-t|),红|
西安,1号线,万寿路
宁波,1号线,东门口
深圳,1号线/罗宝线,深大
北京,1号线八通线,复兴门
南京,1号线,河定桥
青岛,1号线,水清沟
杭州,1号线,九和路
苏州,1号线,文化博览中心
广州,佛山2号线,林岳西
天津,1号线,复兴门
大连,1号线,海事大学
常州,1号线,茶山
贵阳,1号线,国际生态会议中心
成都,1号线(五根松-韦家碾),骡马市
徐州,2号线,李沃
兰州,1号线,东岗
武汉,1号线,宗关
石家庄,1号线,┖哟蟮
昆明,1号线(环城南路-昆明南火车站),昆明火车站
济南,2号线,济泺路
重庆,1号线,赖家桥
南昌,1号线,艾溪湖西
厦门,1号线,集美软件园
乌鲁木齐,1号线,新疆大学
哈尔滨,1号线,工程大学
沈阳,1号线,七号街
南宁,1号线,清川
合肥,1号线,大东门
福州,1号线,胪雷
太原,2号线,康宁街
呼和浩特,1号线,坝堰(机场)
上海,1号线,上海马戏城
佛山,佛山2号线,张槎
长春,2号线,长春西站
长沙,1号线,尚双塘
无锡,1号线,金匮公园
郑州,1号线,民航路
香港,东铁线(_湖-t|),旺角东
西安,1号线,长乐坡
宁波,1号线,鼓楼
深圳,1号线/罗宝线,桃园
北京,1号线八通线,西单
南京,1号线,双龙大道
青岛,1号线,北岭
杭州,1号线,九堡
苏州,1号线,时代广场
广州,佛山2号线,石洲
天津,1号线,华山里
大连,1号线,七贤岭
常州,1号线,聚湖路
贵阳,1号线,观山湖公园
成都,1号线(五根松-韦家碾),文殊院
徐州,2号线,九里山
武汉,1号线,汉西一路
石家庄,1号线,西庄
昆明,1号线(环城南路-昆明南火车站),福德
济南,2号线,生产路
重庆,1号线,微电园
南昌,1号线,艾溪湖东
厦门,1号线,集美大道
乌鲁木齐,1号线,三屯碑
哈尔滨,1号线,太平桥
沈阳,1号线,中央大街
南宁,1号线,民族大学
合肥,1号线,明光路
福州,1号线,福州火车南站
太原,2号线,通达街
呼和浩特,2号线,塔利东路
上海,1号线,汶水路
佛山,佛山2号线,石湾
长春,2号线,兴隆堡
长沙,2号线,梅溪湖西
无锡,1号线,市民中心
郑州,1号线,会展中心
香港,东铁线(_湖-t|),九龙塘
西安,1号线,汉
宁波,1号线,西门口
深圳,1号线/罗宝线,大新
北京,1号线八通线,天安门西
南京,1号线,南京南站
青岛,1号线,小村庄
杭州,1号线,客运中心
苏州,1号线,星湖街
广州,佛山2号线,仙涌
天津,1号线,财经大学
大连,1号线,河口
常州,1号线,湖塘
贵阳,1号线,林城西路
成都,1号线(五根松-韦家碾),人民北路
徐州,2号线,奔腾大道
武汉,1号线,古田四路
石家庄,1号线,东庄
昆明,1号线(环城南路-昆明南火车站),日新路
济南,2号线,北园
重庆,1号线,陈家桥
南昌,1号线,太子殿
厦门,1号线,天水路
哈尔滨,1号线,交通学院
沈阳,1号线,十三号街
南宁,1号线,西乡塘客运站
合肥,1号线,长淮
福州,1号线,安平
太原,2号线,化章西街
呼和浩特,2号线,新店
上海,1号线,彭浦新村
佛山,佛山2号线,沙岗
长春,2号线,西环城路
长沙,2号线,麓云路
无锡,1号线,文化宫
郑州,1号线,黄河南路
香港,东铁线(_湖-t|),大围
西安,1号线,半坡
宁波,1号线,大卿桥
深圳,1号线/罗宝线,鲤鱼门
北京,1号线八通线,天安门东
南京,1号线,花神庙
青岛,1号线,海泊桥(海慈医疗)
杭州,1号线,下沙西
苏州,1号线,南施街
广州,佛山2号线,花卉世界
天津,1号线,双林
大连,2号线,大连北站
常州,1号线,新天地公园
贵阳,1号线,阅山湖公园
成都,1号线(五根松-韦家碾),火车北站
徐州,2号线,九龙湖
武汉,1号线,古田三路
石家庄,1号线,会展中心
昆明,1号线(环城南路-昆明南火车站),巫家坝
济南,2号线,历山路
重庆,1号线,大学城
南昌,1号线,奥体中心
厦门,1号线,厦门北站
哈尔滨,1号线,桦树街
沈阳,2号线,蒲田路
南宁,1号线,鹏飞路
合肥,1号线,合肥火车站
福州,1号线,梁厝
太原,2号线,西桥
呼和浩特,2号线,百合路
上海,1号线,共康路
佛山,佛山2号线,魁奇路
长春,2号线,和平大街
长沙,2号线,文化艺术中心
无锡,1号线,江南大学
郑州,1号线,农业南路
香港,东铁线(_湖-t|),沙田
西安,1号线,纺织城
宁波,1号线,泽民
深圳,1号线/罗宝线,前海湾
北京,1号线八通线,王府井
南京,1号线,软件大道
青岛,1号线,台东
杭州,1号线,金沙湖
苏州,1号线,星塘街
广州,佛山2号线,登洲
天津,1号线,李楼
大连,2号线,南关岭
常州,1号线,长虹路
贵阳,1号线,老湾塘
成都,1号线(五根松-韦家碾),升仙湖
徐州,2号线,庆云桥
武汉,1号线,古田二路
石家庄,1号线,商务中心
昆明,1号线(环城南路-昆明南火车站),昌宏西路
济南,2号线,七里堡
重庆,1号线,尖顶坡
南昌,1号线,瑶湖西
厦门,1号线,岩内
哈尔滨,1号线,哈尔滨东站
沈阳,2号线,蒲河路
南宁,1号线,南职院
合肥,2号线,南岗
福州,1号线,下洋
呼和浩特,2号线,新城图书馆
上海,1号线,通河新村
佛山,佛山2号线,石梁
长春,2号线,万福街
长沙,2号线,梅溪湖东
无锡,1号线,长广溪
郑州,1号线,东风南路
香港,东铁线(_湖-t|),火炭
西安,2号线,韦曲南
宁波,1号线,望春桥
深圳,1号线/罗宝线,新安
北京,1号线八通线,东单
南京,1号线,天隆寺
青岛,1号线,广饶路
杭州,1号线,高沙路
苏州,1号线,钟南街
广州,佛山2号线,湾华
天津,1号线,高庄子
大连,2号线,体育中心
常州,1号线,延政大道
贵阳,1号线,下麦西
成都,1号线(五根松-韦家碾),韦家碾
徐州,2号线,彭城广场
武汉,1号线,古田一路
石家庄,1号线,园博园
昆明,1号线(环城南路-昆明南火车站),晓东村
济南,2号线,祝甸
重庆,1号线,璧山
南昌,2号线,南路
厦门,2号线,天竺山
哈尔滨,2号线,江北大学城
沈阳,2号线,人杰湖公园
南宁,1号线,石埠
合肥,2号线,桂庄
福州,1号线,三江口
呼和浩特,2号线,东二环路
上海,1号线,呼兰路
佛山,佛山2号线,湾华
长春,2号线,景阳广场
长沙,2号线,望城坡(汽车西站)
无锡,1号线,雪浪
郑州,1号线,郑州东站
香港,东铁线(_湖-t|),大学
西安,2号线,航天城
宁波,1号线,徐家漕长乐
深圳,1号线/罗宝线,宝安中心
北京,1号线八通线,建国门
南京,1号线,安德门
青岛,1号线,观象山(市立医院)
杭州,1号线,文泽路
苏州,2号线,骑河
广州,佛山2号线,石梁
天津,1号线,国家会展中心
大连,2号线,卫生中心
常州,1号线,科教城北
贵阳,1号线,窦官
成都,1号线(科学城-韦家碾),科学城
徐州,2号线,户部山
武汉,1号线,舵落口
石家庄,1号线,福泽
昆明,1号线(环城南路-昆明南火车站),珥季路
济南,2号线,八涧堡
重庆,2号线,较场口
南昌,2号线,大岗
厦门,2号线,东孚
哈尔滨,2号线,哈尔滨北站
沈阳,2号线,辽宁大学
南宁,2号线,西津
合肥,2号线,汽车西站
福州,2号线,苏洋
呼和浩特,2号线,一家村
上海,1号线,共富新村
佛山,佛山2号线,登洲
长春,2号线,解放桥
长沙,2号线,金星路
无锡,1号线,葛埭桥
郑州,1号线,博学路
香港,东铁线(_湖-t|),大埔墟
西安,2号线,凤栖原
宁波,1号线,芦港
深圳,1号线/罗宝线,宝体
北京,1号线八通线,永安里
南京,1号线,中华门
青岛,1号线,中山路
杭州,1号线,文海南路
苏州,2号线,富翔路
广州,佛山2号线,魁奇路
天津,1号线,国瑞路
大连,2号线,后革
常州,1号线,科教城南
贵阳,2号线,白云北路
成都,1号线(科学城-韦家碾),兴隆湖
徐州,2号线,师大云龙校区
武汉,1号线,竹叶海
石家庄,2号线,柳辛庄
昆明,1号线(环城南路-昆明南火车站),星耀路
济南,2号线,姜家庄
重庆,2号线,临江门
南昌,2号线,生米
厦门,2号线,东瑶
哈尔滨,2号线,大耿家
沈阳,2号线,航空航天大学
南宁,2号线,安吉客运站
合肥,2号线,振兴路
福州,2号线,沙堤
呼和浩特,2号线,成吉思汗公园
上海,1号线,宝安公路
佛山,佛山2号线,花卉世界
长春,2号线,建设广场
长沙,2号线,西湖公园
无锡,1号线,南方泉
郑州,1号线,市体育中心
香港,东铁线(_湖-t|),太和
西安,2号线,三爻
宁波,1号线,梁祝
深圳,1号线/罗宝线,坪洲
北京,1号线八通线,国贸
南京,1号线,三山街
青岛,1号线,青岛站
杭州,1号线,云水
苏州,2号线,高铁苏州北站
广州,佛山2号线,沙岗
天津,1号线,东沽路
大连,2号线,革镇堡
常州,1号线,武进沿江城际
贵阳,2号线,白云中路
成都,1号线(科学城-韦家碾),广州路
徐州,2号线,中心医院
武汉,1号线,额头湾
石家庄,2号线,庄窠・铁道大学
昆明,1号线(环城南路-昆明南火车站),新亚洲体育城
济南,2号线,凤凰路
重庆,2号线,黄花园
南昌,2号线,九龙湖南
厦门,2号线,新阳大道
哈尔滨,2号线,龙川路
沈阳,2号线,师范大学
南宁,2号线,苏卢
合肥,2号线,蜀山西
福州,2号线,上街
呼和浩特,2号线,毫沁营
上海,1号线,友谊西路
佛山,佛山2号线,仙涌
长春,2号线,文化广场
长沙,2号线,煌逭
无锡,2号线,无锡东站
郑州,1号线,龙子湖
香港,东铁线(_湖-t|),粉岭
西安,2号线,会展中心
宁波,1号线,高桥
深圳,1号线/罗宝线,西乡
北京,1号线八通线,大望路
南京,1号线,张府园
青岛,1号线,团岛
杭州,1号线,下沙江滨
苏州,2号线,大湾
广州,佛山2号线,石湾
天津,2号线,滨海国际机场
大连,2号线,中革
常州,1号线,阳湖路
贵阳,2号线,云峰大道
成都,1号线(科学城-韦家碾),西博城
徐州,2号线,淮塔
武汉,1号线,五环大道
石家庄,2号线,义堂
昆明,1号线(环城南路-昆明南火车站),南部汽车站
济南,2号线,鲍山
重庆,2号线,大溪沟
南昌,2号线,市民中心
厦门,2号线,新
哈尔滨,2号线,世茂大道
沈阳,2号线,医学院
南宁,2号线,三十三中
合肥,2号线,大蜀山
福州,2号线,金屿
呼和浩特,2号线,成吉思汗广场
上海,1号线,富锦路
佛山,佛山2号线,石洲
长春,2号线,解放大路
长沙,2号线,橘子洲
无锡,2号线,迎宾广场
郑州,1号线,文苑北路
香港,东铁线(_湖-t|),上水
西安,2号线,纬一街
宁波,1号线,高桥西
深圳,1号线/罗宝线,固戍
北京,1号线八通线,四惠
南京,1号线,新街口
青岛,1号线,凤凰岛
杭州,1号线,杭州大会展中心
苏州,2号线,富元路
广州,佛山2号线,张槎
天津,2号线,空港经济区
大连,2号线,前革
常州,1号线,南夏墅
贵阳,2号线,泉湖公园
成都,1号线(科学城-韦家碾),天府公园
徐州,2号线,科技城
武汉,1号线,东吴大道
石家庄,2号线,建和桥
昆明,1号线(环城南路-昆明南火车站),斗南
济南,2号线,彭家庄
重庆,2号线,曾家岩
南昌,2号线,鹰潭街
厦门,2号线,翁角路
哈尔滨,2号线,冰雪大世界
沈阳,2号线,三台子
南宁,2号线,秀厢
合肥,2号线,天柱路
福州,2号线,福州大学
呼和浩特,2号线,内蒙古体育馆
上海,2号线,浦东国际机场
佛山,佛山2号线,林岳西
长春,2号线,平阳街
长沙,2号线,湘江中路
无锡,2号线,映月湖公园
郑州,1号线,河南大学新区
香港,东铁线(_湖-t|),罗湖
西安,2号线,小寨
宁波,2号线,栎社国际机场
深圳,1号线/罗宝线,后瑞
北京,1号线八通线,四惠东
南京,1号线,珠江路
青岛,1号线,山里
杭州,1号线,港城大道
苏州,2号线,蠡口
广州,佛山2号线,智慧新城
天津,2号线,国山路
大连,2号线,辛寨子
常州,2号线,青枫公园
贵阳,2号线,枫林路
成都,1号线(科学城-韦家碾),武汉路
徐州,2号线,七里沟
武汉,1号线,码头潭公园
石家庄,2号线,长安公园
昆明,1号线(环城南路-昆明南火车站),春融街
济南,3号线,滩头
重庆,2号线,牛角沱
南昌,2号线,国博
厦门,2号线,马青路
哈尔滨,2号线,太阳岛
沈阳,2号线,陵西
南宁,2号线,明秀路
合肥,2号线,科学大道
福州,2号线,董屿・福建师大
呼和浩特,2号线,呼和浩特体育场
上海,2号线,海天三路
佛山,佛山2号线,林岳东
长春,2号线,南关
长沙,2号线,五一广场
无锡,2号线,查桥
郑州,2号线,贾河
香港,东涌线,东涌
西安,2号线,体育场
宁波,2号线,栎社
深圳,1号线/罗宝线,机场东
北京,1号线八通线,高碑店
南京,1号线,鼓楼
青岛,1号线,南北屯
杭州,1号线,南阳
苏州,2号线,徐图港
广州,佛山2号线,绿岛湖
天津,2号线,登州路
大连,2号线,机场
常州,2号线,海棠路
贵阳,2号线,诚信路
成都,1号线(科学城-韦家碾),麓湖
徐州,2号线,百果园
武汉,1号线,三店
石家庄,2号线,北国商城
昆明,1号线(环城南路-昆明南火车站),市级行政中心清风
济南,3号线,济南东站
重庆,2号线,李子坝
南昌,2号线,西站南广场
厦门,2号线,海沧行政中心
哈尔滨,2号线,人民广场
沈阳,2号线,新乐遗址
南宁,2号线,火车站
合肥,2号线,十里庙
福州,2号线,厚庭
呼和浩特,2号线,公主府
上海,2号线,远东大道
佛山,佛山2号线,广州南站
长春,2号线,吉林大路
长沙,2号线,芙蓉广场
无锡,2号线,九里河公园
郑州,2号线,惠济区政府
香港,东涌线,欣澳
西安,2号线,南稍门
宁波,2号线,鄞州大道
深圳,2号线/8号线,赤湾
北京,1号线八通线,传媒大学
南京,1号线,玄武门
青岛,1号线,新港山路
杭州,1号线,向阳路
苏州,2号线,阳澄湖中路
广州,佛山2号线,湖涌
天津,2号线,屿东城
大连,2号线,虹港路
常州,2号线,五星
贵阳,2号线,林城西路
成都,1号线(科学城-韦家碾),红石公园
徐州,2号线,拖龙山
武汉,1号线,径河
石家庄,2号线,裕华路
昆明,1号线(环城南路-昆明南火车站),宜和路
济南,3号线,王舍人
重庆,2号线,佛图关
南昌,2号线,南昌西站
厦门,2号线,海沧商务中心
哈尔滨,2号线,中央大街
沈阳,2号线,北陵公园
南宁,2号线,朝阳广场
合肥,2号线,西七里塘
福州,2号线,桔园洲
呼和浩特,2号线,呼和浩特站
上海,2号线,凌空路
佛山,7号线,大学城南
长春,2号线,东盛大街
长沙,2号线,迎宾路口
无锡,2号线,云林
郑州,2号线,毛庄
香港,东涌线,青衣
西安,2号线,永宁门
宁波,2号线,石\
深圳,2号线/8号线,蛇口港
北京,1号线八通线,双桥
南京,1号线,新模范马路
青岛,1号线,安子
杭州,1号线,萧山国际机场
苏州,2号线,陆慕
广州,佛山2号线,南庄
天津,2号线,翠阜新村
大连,2号线,虹锦路
常州,2号线,勤业
贵阳,2号线,观山西路
成都,1号线(科学城-韦家碾),广福
徐州,2号线,大龙湖
武汉,2号线,佛祖岭
石家庄,2号线,槐中路
昆明,1号线(环城南路-昆明南火车站),白龙潭
济南,3号线,张马屯
重庆,2号线,大坪
南昌,2号线,龙岗
厦门,2号线,海沧湾公园
哈尔滨,2号线,尚志大街
沈阳,2号线,中医药大学
南宁,2号线,南宁剧场
合肥,2号线,五里墩
福州,2号线,洪湾
呼和浩特,2号线,新华广场
上海,2号线,川沙
佛山,7号线,板桥
长春,2号线,东环城路
长沙,2号线,袁家岭
无锡,2号线,庄桥
郑州,2号线,黄河迎宾馆
香港,东涌线,荔景
西安,2号线,钟楼
宁波,2号线,轻纺城
深圳,2号线/8号线,海上世界
北京,1号线八通线,管庄
南京,1号线,南京站
青岛,1号线,天目山路
杭州,1号线,湘湖
苏州,2号线,平泷路东
广州,2号线,广州南站
天津,2号线,靖江路
大连,2号线,红旗西路
常州,2号线,怀德
贵阳,2号线,兴筑路
成都,1号线(科学城-韦家碾),海昌路
徐州,2号线,市行政中心
武汉,2号线,藏龙东街
石家庄,2号线,欧韵公园
昆明,1号线(环城南路-昆明南火车站),昆明南火车站
济南,3号线,八涧堡
重庆,2号线,袁家岗
南昌,2号线,国体中心
厦门,2号线,邮轮中心
哈尔滨,2号线,哈尔滨站
沈阳,2号线,岐山路
南宁,2号线,福建园
合肥,2号线,三里庵
福州,2号线,金山
呼和浩特,2号线,中山路
上海,2号线,华夏东路
佛山,7号线,员岗
长春,2号线,长青
长沙,2号线,长沙火车站
无锡,2号线,东亭
郑州,2号线,金洼
香港,东涌线,南昌
西安,2号线,北大街
宁波,2号线,藕池
深圳,2号线/8号线,水湾
北京,1号线八通线,八里桥
南京,1号线,红山动物园
青岛,1号线,薛家岛
杭州,1号线,滨康路
苏州,2号线,平河路
广州,2号线,石壁
天津,2号线,顺驰桥
大连,2号线,湾家
常州,2号线,南大街
贵阳,2号线,金阳医院
成都,1号线(科学城-韦家碾),华阳
徐州,2号线,汉源大道
武汉,2号线,秀湖
石家庄,2号线,元村
昆明,2号线,环城南路
济南,3号线,花园东路
重庆,2号线,谢家湾
南昌,2号线,卧龙山
厦门,2号线,建业路
哈尔滨,2号线,博物馆
沈阳,2号线,沈阳北站
南宁,2号线,亭洪路
合肥,2号线,安农大
福州,2号线,金祥
呼和浩特,2号线,大学西街
上海,2号线,创新中路
佛山,7号线,南村万博
长春,2号线,东方广场
长沙,2号线,锦泰广场
无锡,2号线,柏庄
郑州,2号线,金达路
香港,东涌线,奥运
西安,2号线,安远门
宁波,2号线,客运中心
深圳,2号线/8号线,东角头
北京,1号线八通线,通州北苑
南京,1号线,迈皋桥
青岛,1号线,丁家河
杭州,1号线,西兴
苏州,2号线,苏州火车站
广州,2号线,会江
天津,2号线,远洋国际中心
大连,2号线,马栏广场
常州,2号线,文化宫
贵阳,2号线,金阳南路
成都,1号线(科学城-韦家碾),四河
徐州,2号线,新元大道
武汉,2号线,金融港北
石家庄,2号线,石家庄站
昆明,2号线,塘子巷
济南,3号线,丁家庄
重庆,2号线,杨家坪
南昌,2号线,岭北
厦门,2号线,湖滨中路
哈尔滨,2号线,工人文化宫
沈阳,2号线,金融中心
南宁,2号线,石柱岭
合肥,2号线,三孝口
福州,2号线,祥坂
呼和浩特,2号线,诺和木勒
上海,2号线,唐镇
佛山,7号线,汉溪长隆
长春,3号线,伪满皇宫
长沙,2号线,万家丽广场
无锡,2号线,广益
郑州,2号线,刘庄
香港,东涌线,九龙
西安,2号线,龙首原
宁波,2号线,丽园南路
深圳,2号线/8号线,湾厦
北京,1号线八通线,果园
南京,2号线,鱼嘴
青岛,1号线,井冈山路
杭州,1号线,滨和路
苏州,2号线,山塘街
广州,2号线,南浦
天津,2号线,天津站
大连,2号线,辽师大
常州,2号线,红梅公园
贵阳,2号线,茶园
成都,1号线(科学城-韦家碾),华府大道
徐州,2号线,新城区东
武汉,2号线,黄龙山路
石家庄,2号线,塔坛
昆明,2号线,东风广场
济南,3号线,礼耕路
重庆,2号线,动物园
南昌,2号线,前湖大道
厦门,2号线,体育中心
哈尔滨,2号线,省政府
沈阳,2号线,市府广场
南宁,2号线,江南客运站
合肥,2号线,四牌楼
福州,2号线,宁化
呼和浩特,2号线,水上公园
上海,2号线,广兰路
佛山,7号线,钟村
长春,3号线,东广场
长沙,2号线,人民东路
无锡,2号线,靖海
郑州,2号线,柳林
香港,东涌线,香港
西安,2号线,大明宫西
宁波,2号线,云霞路
深圳,2号线/8号线,海月
北京,1号线八通线,九棵树
南京,2号线,天保街
青岛,1号线,太行山路
杭州,1号线,江陵路
苏州,2号线,石路
广州,2号线,洛溪
天津,2号线,建国道
大连,2号线,交通大学
常州,2号线,五角场
贵阳,2号线,百花大道
成都,1号线(科学城-韦家碾),天府五街
徐州,3号线,下淀
武汉,2号线,武汉东站
石家庄,2号线,仓丰路留村
昆明,2号线,交三桥
济南,3号线,奥体中心
重庆,2号线,大堰村
南昌,2号线,学府大道东
厦门,2号线,育秀东路
哈尔滨,2号线,省医院
沈阳,2号线,青年大街
南宁,2号线,大沙田
合肥,2号线,大东门
福州,2号线,西洋
呼和浩特,2号线,五里营
上海,2号线,金科路
佛山,7号线,谢村
长春,3号线,长春站
长沙,2号线,长沙大道
无锡,2号线,上马墩
郑州,2号线,沙门
香港,港岛线,坚尼地城
西安,2号线,市图书馆
宁波,2号线,宁波火车站
深圳,2号线/8号线,登良
北京,1号线八通线,梨园
南京,2号线,青莲街
青岛,1号线,石油大学
杭州,1号线,近江
苏州,2号线,广济南路
广州,2号线,南洲
天津,2号线,东南角
大连,2号线,西安路
常州,2号线,三角场
贵阳,2号线,马王庙
成都,1号线(科学城-韦家碾),天府三街
徐州,3号线,白云山
武汉,2号线,佳园路
石家庄,2号线,南位
昆明,2号线,穿心鼓楼
济南,3号线,龙奥大厦
重庆,2号线,马王场
南昌,2号线,翠苑路
厦门,2号线,吕厝
哈尔滨,2号线,珠江路
沈阳,2号线,青年公园
南宁,2号线,建设路
合肥,2号线,三里街
福州,2号线,南门兜
呼和浩特,2号线,锡林公园
上海,2号线,张江高科
佛山,7号线,石壁
长春,3号线,西安桥
长沙,2号线,沙湾公园
无锡,2号线,东林广场
郑州,2号线,北三环
香港,港岛线,香港大学
西安,2号线,凤城五路
宁波,2号线,城隍庙
深圳,2号线/8号线,后海
北京,1号线八通线,临河里
南京,2号线,螺塘路
青岛,1号线,王家港
杭州,1号线,婺江路
苏州,2号线,三香广场
广州,2号线,东晓南
天津,2号线,鼓楼
大连,2号线,联合路
常州,2号线,紫云
贵阳,2号线,北京西路
成都,1号线(科学城-韦家碾),世纪城
徐州,3号线,徐州火车站
武汉,2号线,光谷大道
石家庄,2号线,嘉华路
昆明,2号线,火车北站
济南,3号线,孟家庄
重庆,2号线,平安
南昌,2号线,地铁大厦
厦门,2号线,江头
哈尔滨,2号线,南直路
沈阳,2号线,工业展览馆
南宁,2号线,石子塘
合肥,2号线,东五里井
福州,2号线,水部
呼和浩特,2号线,内大南校区
上海,2号线,龙阳路
佛山,7号线,广州南站
长春,3号线,南昌路
长沙,2号线,杜花路
无锡,2号线,三阳广场
郑州,2号线,东风路
香港,港岛线,西营盘
西安,2号线,行政中心
宁波,2号线,鼓楼
深圳,2号线/8号线,科苑
北京,1号线八通线,土桥
南京,2号线,油坊桥
青岛,2号线,李村公园
杭州,1号线,城站
苏州,2号线,劳动路
广州,2号线,江泰路
天津,2号线,西南角
大连,2号线,人民广场
常州,2号线,青洋路
贵阳,2号线,改茶路
成都,1号线(科学城-韦家碾),锦城广场
徐州,3号线,天桥
武汉,2号线,华中科技大学
石家庄,3号线,西三庄
昆明,2号线,白云路
济南,3号线,龙洞
重庆,2号线,大渡口
南昌,2号线,雅苑路
厦门,2号线,后埔
哈尔滨,2号线,东北农业大学
沈阳,2号线,市图书馆
南宁,2号线,金象
合肥,2号线,东七里
福州,2号线,紫阳
呼和浩特,2号线,帅家营
上海,2号线,世纪公园
佛山,7号线,大洲
长春,3号线,朝阳桥
长沙,2号线,长沙火车南站
无锡,2号线,五爱广场
郑州,2号线,关虎屯
香港,港岛线,上环
西安,2号线,运动公园
宁波,2号线,外滩大桥
深圳,2号线/8号线,红树湾
北京,1号线八通线,花庄
南京,2号线,雨润大街
青岛,2号线,李村
杭州,1号线,定安路
苏州,2号线,胥江路
广州,2号线,昌岗
天津,2号线,广开四马路
大连,2号线,一二九街
常州,2号线,丁堰
贵阳,2号线,黔春路
成都,1号线(科学城-韦家碾),孵化园
徐州,3号线,和平大桥
武汉,2号线,珞雄路
石家庄,3号线,高柱
昆明,2号线,金星
重庆,2号线,新山村
南昌,2号线,红谷中大道
厦门,2号线,蔡塘
哈尔滨,2号线,气象台
沈阳,2号线,五里河
南宁,2号线,玉洞
合肥,2号线,漕冲
福州,2号线,五里亭
呼和浩特,2号线,喇嘛营
上海,2号线,上海科技馆
佛山,7号线,陈村北
长春,3号线,解放桥
长沙,2号线,光达
无锡,2号线,梁溪大桥
郑州,2号线,黄河路
香港,港岛线,中环
西安,2号线,北苑
宁波,2号线,正大路
深圳,2号线/8号线,世界之窗
北京,1号线八通线,环球度假区
南京,2号线,元通
青岛,2号线,枣山路
杭州,1号线,龙翔桥
苏州,2号线,桐泾公园
广州,2号线,江南西
天津,2号线,长虹公园
大连,2号线,青泥洼桥
常州,2号线,潞城
贵阳,2号线,延安西路
成都,1号线(科学城-韦家碾),金融城
徐州,3号线,淮塔
武汉,2号线,光谷广场
石家庄,3号线,柏林庄
昆明,2号线,北辰
重庆,2号线,天堂堡
南昌,2号线,阳明公园
厦门,2号线,古地石
哈尔滨,3号线,太平桥
沈阳,2号线,奥体中心
南宁,2号线,东风路
合肥,2号线,东二十埠
福州,2号线,前屿
呼和浩特,2号线,阿尔山路
上海,2号线,世纪大道
佛山,7号线,陈村
长春,3号线,湖西桥
长沙,3号线,山塘
无锡,2号线,大王基
郑州,2号线,紫荆山
香港,港岛线,金钟
西安,2号线,西安北站
宁波,2号线,倪家堰
深圳,2号线/8号线,侨城北
北京,2号线,积水潭
南京,2号线,奥体东
青岛,2号线,华楼山路
杭州,1号线,凤起路
苏州,2号线,友联
广州,2号线,市二宫
天津,2号线,咸阳路
大连,2号线,友好广场
常州,2号线,五一路
贵阳,2号线,紫林庵
成都,1号线(科学城-韦家碾),高新
徐州,3号线,矿大文昌校区
武汉,2号线,杨家湾
石家庄,3号线,市庄
昆明,2号线,霖雨桥
重庆,2号线,建桥
南昌,2号线,青山路口
厦门,2号线,岭兜
哈尔滨,3号线,大有坊街
沈阳,2号线,营盘街
南宁,2号线,玉岭路
合肥,2号线,龙岗
福州,2号线,上洋
上海,2号线,东昌路
佛山,7号线,锦龙
长春,3号线,宽平桥
长沙,3号线,洋湖湿地
无锡,2号线,河埒口
郑州,2号线,东大街
香港,港岛线,湾仔
西安,3号线,鱼化寨
宁波,2号线,压赛堰
深圳,2号线/8号线,深康
北京,2号线,鼓楼大街
南京,2号线,兴隆大街
青岛,2号线,东韩
杭州,1号线,武林广场
苏州,2号线,盘蠡路
广州,2号线,海珠广场
天津,2号线,芥园西道
大连,2号线,中山广场
贵阳,2号线,喷水池
成都,1号线(科学城-韦家碾),火车南站
徐州,3号线,南三环路
武汉,2号线,虎泉
石家庄,3号线,市二中
昆明,2号线,羊肠村
重庆,2号线,金家湾
南昌,2号线,福州路
厦门,2号线,软件园二期
哈尔滨,3号线,市第二医院
沈阳,2号线,世纪大厦
南宁,2号线,那福路
合肥,2号线,王岗
福州,2号线,鼓山
上海,2号线,陆家嘴
佛山,7号线,南涌
长春,3号线,抚松路
长沙,3号线,洋湖新城
无锡,2号线,小桃源
郑州,2号线,陇海东路
香港,港岛线,铜锣湾
西安,3号线,丈八北路
宁波,2号线,大通桥
深圳,2号线/8号线,安托山
北京,2号线,安定门
南京,2号线,集庆门大街
青岛,2号线,辽阳东路
杭州,1号线,西湖文化广场
苏州,2号线,新家桥
广州,2号线,公园前
天津,2号线,卞兴
大连,2号线,港湾广场
贵阳,2号线,阳明祠
成都,1号线(科学城-韦家碾),桐梓林
徐州,3号线,翟山
武汉,2号线,广埠屯
石家庄,3号线,新百广场
昆明,2号线,司家营
重庆,2号线,刘家坝
南昌,2号线,八一广场
厦门,2号线,何厝
哈尔滨,3号线,海河东路
沈阳,2号线,白塔河路
南宁,2号线,平良立交
合肥,2号线,三十埠
福州,2号线,洋里
上海,2号线,南京东路
佛山,7号线,美的
长春,3号线,孟家屯
长沙,3号线,阳光
无锡,2号线,荣巷
郑州,2号线,二里岗
香港,港岛线,天后
西安,3号线,延平门
宁波,2号线,孔浦
深圳,2号线/8号线,侨香
北京,2号线,雍和宫
南京,2号线,云锦路
青岛,2号线,同安路
杭州,1号线,打铁关
苏州,2号线,石湖东路
广州,2号线,纪念堂
天津,2号线,曹庄
大连,2号线,会议中心
贵阳,2号线,省人民医院
成都,1号线(科学城-韦家碾),倪家桥
徐州,3号线,师范大学
武汉,2号线,街道口
石家庄,3号线,东里
昆明,2号线,龙头街
重庆,2号线,白居寺
南昌,2号线,永叔路
厦门,2号线,观音山
哈尔滨,3号线,会展中心
沈阳,2号线,全运路
南宁,2号线,坛泽
合肥,3号线,幸福坝
福州,5号线,荆溪厚屿
上海,2号线,人民广场
佛山,7号线,北蚬园
长春,3号线,湖光路
长沙,3号线,中南大学
无锡,2号线,梅园开原寺
郑州,2号线,南五里堡
香港,港岛线,炮台山
西安,3号线,科技路
宁波,2号线,路林
深圳,2号线/8号线,香蜜
北京,2号线,东直门
南京,2号线,莫愁湖
青岛,2号线,苗岭路
杭州,1号线,闸弄口
苏州,2号线,宝带桥南
广州,2号线,越秀公园
天津,3号线,小淀
大连,2号线,东港
贵阳,2号线,宝山南路
成都,1号线(科学城-韦家碾),省体育馆
徐州,3号线,玉泉河
武汉,2号线,宝通寺
石家庄,3号线,槐安桥
昆明,2号线,北部汽车站
重庆,2号线,大江
南昌,2号线,丁公路南
厦门,2号线,东宅
哈尔滨,3号线,湘江路
沈阳,9号线,怒江公园
南宁,3号线,科园大道
合肥,3号线,安大磬苑校区
福州,5号线,农林大学
上海,2号线,南京西路
佛山,7号线,美的大道
长春,3号线,电台街
长沙,3号线,阜埠河
无锡,3号线,苏庙
郑州,2号线,花寨
香港,港岛线,北角
西安,3号线,太白南路
宁波,2号线,三官堂
深圳,2号线/8号线,香梅北
北京,2号线,东四十条
南京,2号线,汉中门
青岛,2号线,石老人浴场
杭州,1号线,火车东站
苏州,2号线,尹中路
广州,2号线,广州火车站
天津,3号线,丰产河
大连,2号线,东海
贵阳,2号线,油榨街
成都,1号线(科学城-韦家碾),华西坝
徐州,3号线,无名山公园
武汉,2号线,中南路
石家庄,3号线,西三教
昆明,3号线,西山公园
重庆,2号线,鱼洞
南昌,2号线,南昌火车站
厦门,2号线,两岸金融中心
哈尔滨,3号线,珠江路
沈阳,9号线,淮河街沈医二院
南宁,3号线,创业路
合肥,3号线,工大翡翠湖校区
福州,5号线,洪塘
上海,2号线,静安寺
佛山,广佛线,新城东
长春,3号线,前进西
长沙,3号线,灵官渡
无锡,3号线,钱桥
郑州,2号线,南三环
香港,港岛线,鱼涌
西安,3号线,吉祥村
宁波,2号线,宁波大学
深圳,2号线/8号线,景田
北京,2号线,朝阳门
南京,2号线,上海路
青岛,2号线,海安路
杭州,1号线,彭埠
苏州,2号线,郭巷
广州,2号线,三元里
天津,3号线,华北集团
大连,2号线,海之韵
贵阳,2号线,贵钢
成都,1号线(科学城-韦家碾),锦江宾馆
徐州,3号线,浦江路
武汉,2号线,洪山广场
石家庄,3号线,石家庄站
昆明,3号线,车家壁
重庆,3号线,鱼洞
南昌,2号线,顺外
厦门,2号线,五通
哈尔滨,3号线,公滨路
沈阳,9号线,皇姑屯站
南宁,3号线,安吉客运站
合肥,3号线,大学城北
福州,5号线,阵坂
上海,2号线,江苏路
佛山,广佛线,东平
长春,3号线,前进大街
长沙,3号线,侯家塘
无锡,3号线,龙山梢
郑州,2号线,站马屯
香港,港岛线,太古
西安,3号线,小寨
宁波,2号线,清水浦
深圳,2号线/8号线,莲花西
北京,2号线,建国门
南京,2号线,新街口
青岛,2号线,海川路
杭州,1号线,七堡
苏州,2号线,郭苑路
广州,2号线,飞翔公园
天津,3号线,天士力
大连,3号线,地铁大连站
贵阳,2号线,富源北路
成都,1号线(科学城-韦家碾),天府广场
徐州,3号线,焦山
武汉,2号线,小龟山
石家庄,3号线,汇通路
昆明,3号线,普坪村
重庆,3号线,金竹
南昌,2号线,辛家庵
厦门,2号线,湿地公园
哈尔滨,3号线,油坊街
沈阳,9号线,重型文化广场
南宁,3号线,北湖北路
合肥,3号线,繁华大道
福州,5号线,马榕
上海,2号线,中山公园
佛山,广佛线,世纪莲
长春,3号线,卫明街
长沙,3号线,东塘
无锡,3号线,石门路
郑州,2号线,南四环
香港,港岛线,西湾河
西安,3号线,大雁塔
宁波,2号线,五里牌
深圳,2号线/8号线,福田
北京,2号线,北京站
南京,2号线,大行宫
青岛,2号线,海游路
杭州,1号线,九和路
苏州,2号线,尹山湖
广州,2号线,白云公园
天津,3号线,宜兴埠
大连,3号线,香炉礁
贵阳,2号线,森林公园
成都,1号线(科学城-韦家碾),骡马市
徐州,3号线,钱江路
武汉,2号线,螃蟹岬
石家庄,3号线,孙村
昆明,3号线,石咀
重庆,3号线,鱼胡路
南昌,3号线,京东大道
厦门,2号线,钟宅
哈尔滨,3号线,汽轮机厂
沈阳,9号线,北二路
南宁,3号线,秀峰路
合肥,3号线,安医大二附院
福州,5号线,金山
上海,2号线,娄山关路
佛山,广佛线,澜石
长春,3号线,卫光街
长沙,3号线,桂花公园
无锡,3号线,盛岸
郑州,3号线,省体育中心
香港,港岛线,筲箕湾
西安,3号线,北池头
宁波,2号线,枫园
深圳,2号线/8号线,市民中心
北京,2号线,崇文门
南京,2号线,西安门
青岛,2号线,麦岛
杭州,1号线,九堡
苏州,2号线,独墅湖南
广州,2号线,白云文化广场
天津,3号线,张兴庄
大连,3号线,金家街
贵阳,2号线,见龙洞
成都,1号线(科学城-韦家碾),文殊院
徐州,3号线,高新区南
武汉,2号线,积玉桥
石家庄,3号线,塔冢
昆明,3号线,大渔路
重庆,3号线,学堂湾
南昌,3号线,梁万
厦门,2号线,五缘湾
哈尔滨,3号线,进乡街
沈阳,9号线,铁西广场
南宁,3号线,邕武路
合肥,3号线,省博物院
福州,5号线,凤岗里
上海,2号线,威宁路
佛山,广佛线,魁奇路
长春,3号线,卫星广场
长沙,3号线,阿弥岭
无锡,3号线,吴桥
郑州,3号线,王砦
香港,港岛线,杏花
西安,3号线,青龙寺
宁波,2号线,聪园路
深圳,2号线/8号线,岗厦北
北京,2号线,前门
南京,2号线,明故宫
青岛,2号线,高雄路
杭州,1号线,客运中心
苏州,2号线,独墅湖邻里中心
广州,2号线,萧岗
天津,3号线,铁东路
大连,3号线,泉水
贵阳,2号线,龙洞堡机场
成都,1号线(科学城-韦家碾),人民北路
武汉,2号线,江汉路
石家庄,3号线,东王
昆明,3号线,西部汽车站
重庆,3号线,大山村
南昌,3号线,火炬广场
厦门,3号线,厦门火车站
哈尔滨,3号线,劳动公园
沈阳,9号线,兴华公园
南宁,3号线,大鸡村
合肥,3号线,图书馆
福州,5号线,浦上大道
上海,2号线,北新泾
佛山,广佛线,季华园
长春,3号线,亚泰立交桥
长沙,3号线,朝阳村
无锡,3号线,北栅口
郑州,3号线,兴隆铺
香港,港岛线,柴湾
西安,3号线,延兴门
宁波,2号线,招宝山
深圳,2号线/8号线,华强北
北京,2号线,和平门
南京,2号线,苜蓿园
青岛,2号线,燕儿岛路
杭州,1号线,乔司南
苏州,2号线,月亮湾
广州,2号线,江夏
天津,3号线,北站
大连,3号线,后盐
贵阳,2号线,小碧
成都,1号线(科学城-韦家碾),火车北站
武汉,2号线,循礼门
石家庄,3号线,南王
昆明,3号线,眠山
重庆,3号线,花溪
南昌,3号线,国威路
厦门,3号线,湖滨东路
哈尔滨,3号线,旭升街
沈阳,9号线,沈辽路
南宁,3号线,兴桂路
合肥,3号线,合肥大剧院
福州,5号线,霞镜
上海,2号线,淞虹路
佛山,广佛线,同济路
长春,3号线,伊通河
长沙,3号线,长沙火车站
无锡,3号线,无锡火车站
郑州,3号线,同乐
香港,观塘线,黄埔
西安,3号线,咸宁路
宁波,2号线,红联
深圳,2号线/8号线,燕南
北京,2号线,宣武门
南京,2号线,下马坊
青岛,2号线,浮山所
杭州,1号线,乔司
苏州,2号线,松涛街
广州,2号线,黄边
天津,3号线,中山路
大连,3号线,大连湾
贵阳,2号线,云盘
成都,1号线(科学城-韦家碾),升仙湖
武汉,2号线,中山公园
石家庄,3号线,位同
昆明,3号线,昌源中路
重庆,3号线,岔路口
南昌,3号线,青山湖西
厦门,3号线,体育中心
哈尔滨,3号线,肿瘤医院
沈阳,9号线,滑翔
南宁,3号线,小鸡村
合肥,3号线,市政务中心
福州,5号线,东岭
上海,2号线,虹桥2号航站楼
佛山,广佛线,祖庙
长春,3号线,职业学院
长沙,3号线,烈士公园东
无锡,3号线,广瑞
郑州,3号线,南阳新村
香港,观塘线,何文田
西安,3号线,长乐公园
宁波,3号线/宁奉城际,大通桥
深圳,2号线/8号线,大剧院
北京,2号线,长椿街
南京,2号线,孝陵卫
青岛,2号线,五四广场
杭州,1号线,翁梅
苏州,2号线,金谷路
广州,2号线,嘉禾望岗
天津,3号线,金狮桥
大连,3号线,金马路
贵阳,2号线,中兴路
成都,1号线(科学城-韦家碾),韦家碾
武汉,2号线,青年路
石家庄,3号线,东二环南路
昆明,3号线,西苑
重庆,3号线,九公里
南昌,3号线,上沙沟
厦门,3号线,人才中心
哈尔滨,3号线,征仪路
沈阳,9号线,吉力湖街
南宁,3号线,东沟岭
合肥,3号线,洪岗
福州,5号线,台屿
上海,2号线,虹桥火车站
佛山,广佛线,普君北路
长春,3号线,吉林广电
长沙,3号线,丝茅冲
无锡,3号线,靖海
郑州,3号线,海滩寺
香港,观塘线,油麻地
西安,3号线,通化门
宁波,3号线/宁奉城际,中兴大桥南
深圳,2号线/8号线,湖贝
北京,2号线,复兴门
南京,2号线,钟灵街
青岛,2号线,芝泉路
杭州,1号线,临平南高铁站
苏州,2号线,金尚路
广州,3号线,番禺广场
天津,3号线,天津站
大连,3号线,开发区
成都,2号线,犀浦
武汉,2号线,王家墩东
石家庄,3号线,西仰陵
昆明,3号线,梁家河
重庆,3号线,麒龙
南昌,3号线,青山路口
厦门,3号线,湖里公园
哈尔滨,3号线,医大二院
沈阳,9号线,大通湖街
南宁,3号线,长路
合肥,3号线,国防科技大学
福州,5号线,盘屿
上海,2号线,徐泾东
佛山,广佛线,朝安
长春,3号线,会展中心
长沙,3号线,四方坪
无锡,3号线,东风
郑州,3号线,大石桥
香港,观塘线,旺角
西安,3号线,胡家庙
宁波,3号线/宁奉城际,明楼
深圳,2号线/8号线,黄贝岭
北京,2号线,阜成门
南京,2号线,马群
青岛,2号线,台东
杭州,1号线,南苑
苏州,2号线,桑田岛
广州,3号线,市桥
天津,3号线,津湾广场
大连,3号线,保税区
成都,2号线,天河路
武汉,2号线,范湖
石家庄,3号线,中仰陵
昆明,3号线,市体育馆
重庆,3号线,八公里
南昌,3号线,墩子塘
厦门,3号线,华荣路
哈尔滨,3号线,哈西大街
沈阳,9号线,曹仲
南宁,3号线,东葛路
合肥,3号线,西七里塘
福州,5号线,吴山
上海,3号线,江杨北路
佛山,广佛线,桂城
长春,3号线,世纪广场
长沙,3号线,雅雀湖
无锡,3号线,叙丰
郑州,3号线,人民公园
香港,观塘线,太子
西安,3号线,石家街
宁波,3号线/宁奉城际,体育馆
深圳,2号线/8号线,新秀
北京,2号线,车公庄
南京,2号线,金马路
青岛,2号线,利津路
杭州,绍兴1号线,姑娘桥
苏州,3号线,唯亭
广州,3号线,汉溪长隆
天津,3号线,和平路
大连,3号线,双D港
成都,2号线,百草路
武汉,2号线,汉口火车站
石家庄,3号线,南豆
昆明,3号线,潘家湾
重庆,3号线,重庆交通大学
南昌,3号线,八一馆
厦门,3号线,火炬园
哈尔滨,3号线,凯盛源广场
沈阳,9号线,浑河站
南宁,3号线,滨湖路
合肥,3号线,南新庄
福州,5号线,盖山竹榄
上海,3号线,铁力路
佛山,广佛线,南桂路
长春,3号线,金鑫街
长沙,3号线,长沙大学
无锡,3号线,太湖花园
郑州,3号线,二七广场
香港,观塘线,石硖尾
西安,3号线,辛家庙
宁波,3号线/宁奉城际,樱花公园
深圳,2号线/8号线,莲塘口岸
北京,2号线,西直门
南京,2号线,仙鹤门
青岛,2号线,泰山路
杭州,绍兴1号线,衙前
苏州,3号线,戈巷街
广州,3号线,大石
天津,3号线,营口道
大连,3号线,小窑湾
成都,2号线,金周路
武汉,2号线,长港路
石家庄,3号线,太行南大街
昆明,3号线,五一路
重庆,3号线,六公里
南昌,3号线,六眼井
厦门,3号线,小东山
哈尔滨,3号线,哈尔滨西站
沈阳,9号线,胜利南街
南宁,3号线,金湖广场
合肥,3号线,合肥西站
福州,5号线,义序
上海,3号线,友谊路
佛山,广佛线,岗
长春,3号线,博硕路
长沙,3号线,月湖公园北
无锡,3号线,新光路
郑州,3号线,西大街
香港,观塘线,九龙塘
西安,3号线,广泰门
宁波,3号线/宁奉城际,儿童公园
深圳,2号线/8号线,仙湖路
北京,4号线大兴线,天宫院
南京,2号线,学则路
青岛,3号线,青岛北站
杭州,绍兴1号线,杨汛桥
苏州,3号线,葑亭大道
广州,3号线,厦
天津,3号线,西康路
大连,3号线,金石滩
成都,2号线,金科北路
武汉,2号线,常青花园
石家庄,3号线,乐乡
昆明,3号线,东风广场
重庆,3号线,重庆工商大学
南昌,3号线,绳金塔
厦门,3号线,安兜
哈尔滨,3号线,城乡路
沈阳,9号线,长白南
南宁,3号线,拔
合肥,3号线,杏花村
福州,5号线,帝封江
上海,3号线,宝杨路
佛山,广佛线,千灯湖
长春,3号线,金河街
长沙,3号线,湘龙
无锡,3号线,旺庄路
郑州,3号线,东大街
香港,观塘线,乐富
西安,3号线,桃花潭
宁波,3号线/宁奉城际,仇毕
深圳,2号线/8号线,莲塘
北京,4号线大兴线,生物医药基地
南京,2号线,仙林中心
青岛,3号线,永平路
杭州,绍兴1号线,前梅
苏州,3号线,双马街
广州,3号线,沥
天津,3号线,吴家窑
大连,12号线,河口
成都,2号线,迎宾大道
武汉,2号线,金银潭
昆明,3号线,拓东体育馆
重庆,3号线,四公里
南昌,3号线,十字街
厦门,3号线,坂尚
哈尔滨,3号线,工农大街
沈阳,9号线,榆树台
南宁,3号线,青竹立交
合肥,3号线,四泉桥
福州,5号线,螺洲古镇
上海,3号线,水产路
佛山,广佛线,金融高新区
长春,3号线,农博园
长沙,3号线,星沙
无锡,3号线,黄山路
郑州,3号线,郑州文庙
香港,观塘线,黄大仙
西安,3号线,哄敝行
宁波,3号线/宁奉城际,钱湖北路
深圳,2号线/8号线,梧桐山南
北京,4号线大兴线,义和庄
南京,2号线,羊山公园
青岛,3号线,振华路
杭州,绍兴1号线,钱清
苏州,3号线,丰和路
广州,3号线,大塘
天津,3号线,天塔
大连,12号线,蔡大岭
成都,2号线,茶店子客运站
武汉,2号线,常青城
昆明,3号线,大树营
重庆,3号线,南坪
南昌,3号线,京家山
厦门,3号线,湖里创新园
哈尔滨,3号线,医大一院群力院区
沈阳,9号线,金阳大街
南宁,3号线,青秀山
合肥,3号线,郑河
福州,6号线,潘墩
上海,3号线,淞滨路
佛山,广佛线,龙溪
长春,3号线,净月潭公园
长沙,3号线,松雅湖(南)
无锡,3号线,高浪东路
郑州,3号线,博览中心
香港,观塘线,钻石山
西安,3号线,香湖湾
宁波,3号线/宁奉城际,锦寓路
深圳,2号线/8号线,沙头角
北京,4号线大兴线,黄村火车站
南京,2号线,南大仙林校区
青岛,3号线,君峰路
杭州,绍兴1号线,西沙路
苏州,3号线,方湾街
广州,3号线,客村
天津,3号线,周邓纪念馆
大连,12号线,黄泥川
成都,2号线,羊犀立交
武汉,2号线,宏图大道
昆明,3号线,金马寺
重庆,3号线,工贸
南昌,3号线,江铃
厦门,3号线,五缘湾
哈尔滨,3号线,群力第五大道
沈阳,9号线,彩霞街
南宁,3号线,市博物馆
合肥,3号线,海棠
福州,6号线,林浦
上海,3号线,张华浜
佛山,广佛线,菊树
长春,3号线,紫杉路
长沙,3号线,星沙文体中心
无锡,3号线,周泾巷
郑州,3号线,凤凰台
香港,观塘线,彩虹
西安,3号线,务庄
宁波,3号线/宁奉城际,四明中路
深圳,2号线/8号线,海山
北京,4号线大兴线,黄村西大街
南京,2号线,经天路
青岛,3号线,李村
杭州,绍兴1号线,临杭大道
苏州,3号线,苏州园区火车站
广州,3号线,广州塔
天津,3号线,红旗南路
大连,12号线,龙王塘
成都,2号线,一品天下
武汉,2号线,盘龙城
昆明,3号线,太平村
重庆,3号线,铜元局
南昌,3号线,施尧
厦门,3号线,体育会展
哈尔滨,3号线,体育公园
沈阳,9号线,奥体中心
南宁,3号线,总部基地
合肥,3号线,一里井
福州,6号线,樟岚
上海,3号线,淞发路
佛山,广佛线,西i
长春,3号线,宝相街
长沙,3号线,螺丝塘
无锡,3号线,无锡新区站
郑州,3号线,东十里铺
香港,观塘线,九龙湾
西安,3号线,国际港务区
宁波,3号线/宁奉城际,鄞州区政府
深圳,2号线/8号线,盐田港西
北京,4号线大兴线,清源路
南京,S3号线(宁和线),高家冲
青岛,3号线,万年泉路
杭州,绍兴1号线,鉴水路
苏州,3号线,跨塘
广州,3号线,珠江新城
天津,3号线,王顶堤
大连,12号线,塔河湾
成都,2号线,蜀汉路东
武汉,2号线,巨龙大道
昆明,3号线,虹桥
重庆,3号线,两路口
南昌,3号线,八大山人
厦门,3号线,东界
沈阳,9号线,天成街
南宁,3号线,广西规划馆
合肥,3号线,淮南路
福州,6号线,梁厝
上海,3号线,长江南路
佛山,广佛线,鹤洞
长春,3号线,滑雪场
长沙,3号线,广生
无锡,3号线,长江南路
郑州,3号线,通泰路
香港,观塘线,牛头角
西安,3号线,双寨
宁波,3号线/宁奉城际,南部商务区
深圳,2号线/8号线,深外高中
北京,4号线大兴线,枣园
南京,S3号线(宁和线),林山
青岛,3号线,海尔路
杭州,绍兴1号线,越州大道
苏州,3号线,唐庄
广州,3号线,体育西路
天津,3号线,华苑
大连,12号线,旅顺
成都,2号线,白果林
武汉,2号线,宋家岗
昆明,3号线,东部汽车站
重庆,3号线,牛角沱
南昌,3号线,邓埠
厦门,3号线,洪坑
沈阳,9号线,朗日街
南宁,3号线,庆歌路
合肥,3号线,鸭林冲
福州,6号线,下洋
上海,3号线,殷高西路
佛山,广佛线,沙涌
长春,3号线,长影世纪城
长沙,4号线,罐子岭
无锡,3号线,硕放机场
郑州,3号线,西周
香港,观塘线,观塘
西安,3号线,新筑
宁波,3号线/宁奉城际,鄞州客运总站
深圳,2号线/8号线,盐田路
北京,4号线大兴线,高米店南
南京,S3号线(宁和线),桥林新城
青岛,3号线,地铁大厦
杭州,绍兴1号线,中国轻纺城
苏州,3号线,倪浜
广州,3号线,石牌桥
天津,3号线,大学城
大连,12号线,铁山
成都,2号线,中医大省医院
武汉,2号线,航空总部
昆明,4号线,金川路
重庆,3号线,华新街
南昌,3号线,振兴大道
厦门,3号线,林前
沈阳,9号线,长青南街
南宁,3号线,五象湖
合肥,3号线,合肥火车站
福州,6号线,营前
上海,3号线,江湾镇
佛山,广佛线,沙园
长春,4号线,职业学院
长沙,4号线,月亮岛西
无锡,4号线,刘潭
郑州,3号线,东周
香港,观塘线,蓝田
西安,3号线,保税区
宁波,3号线/宁奉城际,句章路
深圳,3号线/龙岗线,福保
北京,4号线大兴线,高米店北
南京,S3号线(宁和线),石碛河
青岛,3号线,长沙路
杭州,绍兴1号线,明珠广场
苏州,3号线,烟雨桥
广州,3号线,岗顶
天津,3号线,高新区
大连,12号线,旅顺新港
成都,2号线,通惠门
武汉,2号线,天河机场
昆明,4号线,大河埂
重庆,3号线,观音桥
南昌,3号线,沥山
厦门,3号线,鼓锣
沈阳,9号线,建筑大学
南宁,3号线,平良立交
合肥,3号线,竹丝滩
福州,6号线,航城
上海,3号线,大柏树
佛山,广佛线,燕岗
长春,4号线,北海路
长沙,4号线,湘江新城
无锡,4号线,广石路
郑州,3号线,省骨科医院
香港,观塘线,油塘
西安,4号线,西安北站
宁波,3号线/宁奉城际,高塘桥
深圳,3号线/龙岗线,益田
北京,4号线大兴线,西红门
南京,S3号线(宁和线),双垅
青岛,3号线,双山
杭州,绍兴1号线,瓜渚湖
苏州,3号线,东方之门
广州,3号线,华师
天津,3号线,学府工业区
大连,13号线,普兰店振兴街
成都,2号线,人民公园
武汉,3号线,沌阳大道
昆明,4号线,海屯路
重庆,3号线,红旗河沟
南昌,3号线,柏岗
厦门,3号线,翔安市民公园
沈阳,10号线,丁香湖
南宁,4号线,洪运路
合肥,3号线,方庙
福州,6号线,郑和
上海,3号线,赤峰路
佛山,广佛线,石溪
长春,4号线,威海路
长沙,4号线,汉王陵公园
无锡,4号线,黄巷
郑州,3号线,圃田西
香港,观塘线,调景岭
西安,4号线,元朔路
宁波,3号线/宁奉城际,姜山
深圳,3号线/龙岗线,石厦
北京,4号线大兴线,新宫
南京,S3号线(宁和线),兰花塘
青岛,3号线,清江路
杭州,绍兴1号线,镜水路
苏州,3号线,李公堤西
广州,3号线,五山
天津,3号线,杨伍庄
大连,13号线,普兰店开发区
成都,2号线,天府广场
武汉,3号线,东风公司
昆明,4号线,小屯
重庆,3号线,嘉州路
南昌,3号线,斗门
厦门,3号线,浦边
沈阳,10号线,元江街
南宁,4号线,那历村
合肥,3号线,窦桥湾
福州,6号线,十洋
上海,3号线,虹口足球场
佛山,广佛线,南洲
长春,4号线,浦东路
长沙,4号线,福元大桥西
无锡,4号线,盛岸
郑州,3号线,营岗
香港,机场快线,香港
西安,4号线,凤城十二路
宁波,3号线/宁奉城际,狮山
深圳,3号线/龙岗线,购物公园
北京,4号线大兴线,公益西桥
南京,S3号线(宁和线),马骡圩
青岛,3号线,错埠岭
杭州,绍兴1号线,黄酒小镇
苏州,3号线,金厍桥
广州,3号线,天河客运站
天津,3号线,南站
大连,13号线,海湾高中
成都,2号线,春熙路
武汉,3号线,体育中心
昆明,4号线,金鼎山北路
重庆,3号线,郑家院子
南昌,3号线,银三角北
厦门,3号线,后村
沈阳,10号线,向工街
南宁,4号线,那洪立交
合肥,3号线,新海大道
福州,6号线,吴航
上海,3号线,东宝兴路
佛山,广佛线,沥
长春,4号线,海口路
长沙,4号线,茶子山
无锡,4号线,惠山古镇
郑州,4号线,老鸦陈
香港,机场快线,九龙
西安,4号线,凤城九路
宁波,3号线/宁奉城际,明辉路
深圳,3号线/龙岗线,福田
北京,4号线大兴线,角门西
南京,S3号线(宁和线),刘村
青岛,3号线,敦化路
杭州,绍兴1号线,张墅
苏州,3号线,东振路
广州,3号线(北延段),机场北(2号航站楼)
天津,4号线,东南角
大连,13号线,大医三院
成都,2号线,东门大桥
武汉,3号线,三角湖
昆明,4号线,苏家塘
重庆,3号线,唐家院子
南昌,4号线,白马山
厦门,3号线,蔡厝
沈阳,10号线,塔湾街
南宁,4号线,金阳路
合肥,3号线,勤劳村
福州,6号线,鹤上
上海,3号线,宝山路
长春,4号线,公平路
长沙,4号线,观沙岭
无锡,4号线,青山湾荣院
郑州,4号线,省体育中心
香港,机场快线,青衣
西安,4号线,文景路
宁波,3号线/宁奉城际,朝阳
深圳,3号线/龙岗线,少年宫
北京,4号线大兴线,马家堡
南京,S3号线(宁和线),天保
青岛,3号线,宁夏路
杭州,绍兴1号线,奥体中心
苏州,3号线,墅浦路北
广州,3号线(北延段),机场南(1号航站楼)
天津,4号线,金街
大连,13号线,长店堡
成都,2号线,牛王庙
武汉,3号线,汉阳客运站
昆明,4号线,小菜园
重庆,3号线,狮子坪
南昌,4号线,裕丰街
沈阳,10号线,淮河街沈医二院
南宁,4号线,通源路
合肥,3号线,文浍苑
福州,6号线,沙京
上海,3号线,上海火车站
长春,4号线,吉林大路
长沙,4号线,六沟垅
无锡,4号线,河埒口
郑州,4号线,北二十里铺
香港,机场快线,机场
西安,4号线,行政中心
宁波,3号线/宁奉城际,方桥
深圳,3号线/龙岗线,莲花村
北京,4号线大兴线,北京南站
南京,S3号线(宁和线),高庙路
青岛,3号线,江西路
杭州,绍兴1号线,梅山广场
苏州,3号线,通园路南
广州,3号线(北延段),高增
天津,4号线,和平路
大连,13号线,石河北海
成都,2号线,牛市口
武汉,3号线,四新大道
昆明,4号线,火车北站
重庆,3号线,重庆北站南广场
南昌,4号线,璜溪
沈阳,10号线,百鸟公园
南宁,4号线,大沙田
合肥,3号线,幼儿师范
福州,6号线,莲花
上海,3号线,中潭路
长春,4号线,东大桥
长沙,4号线,望月湖
无锡,4号线,西园弄
郑州,4号线,丰庆路
香港,机场快线,博览馆
西安,4号线,市中医医院
宁波,3号线/宁奉城际,Q琳
深圳,3号线/龙岗线,华新
北京,4号线大兴线,陶然亭
南京,S3号线(宁和线),吴侯街
青岛,3号线,五四广场
杭州,绍兴1号线,凤林
苏州,3号线,北港路
广州,3号线(北延段),人和
天津,4号线,徐州道
大连,13号线,普湾体育场
成都,2号线,东大路
武汉,3号线,陶家岭
昆明,4号线,白龙路
重庆,3号线,龙头寺
南昌,4号线,中堡
沈阳,10号线,长江街
南宁,4号线,金象大道
合肥,3号线,职教城
福州,6号线,下吴
上海,3号线,镇坪路
长春,4号线,伪满皇宫
长沙,4号线,煌逭
无锡,4号线,体育中心
郑州,4号线,张家村
香港,将军澳线(北角-康城),康城
西安,4号线,常青路
宁波,3号线/宁奉城际,南渡
深圳,3号线/龙岗线,通新岭
北京,4号线大兴线,菜市口
南京,S3号线(宁和线),平良大街
青岛,3号线,延安三路
杭州,绍兴1号线,大滩
苏州,3号线,迎春路
广州,3号线(北延段),龙归
天津,4号线,六纬路
大连,13号线,石河黄旗
成都,2号线,塔子山公园
武汉,3号线,龙阳村
昆明,4号线,大树营
重庆,3号线,童家院子
南昌,4号线,礼庄山
沈阳,10号线,中医药大学
南宁,4号线,五象岭
合肥,3号线,职教城东
福州,6号线,壶井
上海,3号线,曹杨路
长春,4号线,北亚泰大街
长沙,4号线,湖南师大
无锡,4号线,夏家边
郑州,4号线,陈寨东
香港,将军澳线(北角-康城),将军澳
西安,4号线,百花村
宁波,3号线/宁奉城际,大成东路
深圳,3号线/龙岗线,红岭
北京,4号线大兴线,宣武门
南京,S3号线(宁和线),永初路
青岛,3号线,太平角公园
杭州,绍兴1号线,火车站
苏州,3号线,宝带路
广州,3号线(北延段),嘉禾望岗
天津,4号线,成林道
大连,13号线,三十里堡
成都,2号线,成都东客站
武汉,3号线,王家湾
昆明,4号线,菊花村
重庆,3号线,金渝
南昌,4号线,西站南广场
沈阳,10号线,陵东街
南宁,4号线,玉象路
合肥,3号线,相城路
福州,6号线,万寿
上海,3号线,金沙江路
长春,4号线,长春站北
长沙,4号线,湖南大学
无锡,4号线,蠡湖大桥
郑州,4号线,沙门
香港,将军澳线(北角-康城),调景岭
西安,4号线,余家寨
宁波,3号线/宁奉城际,金海路
深圳,3号线/龙岗线,老街
北京,4号线大兴线,西单
南京,S3号线(宁和线),油坊桥
青岛,3号线,中山公园
杭州,绍兴1号线,城市广场
苏州,3号线,盘蠡路
广州,3号线(北延段),白云大道北
天津,4号线,泰昌路
大连,13号线,二十里堡
成都,2号线,成渝立交
武汉,3号线,宗关
昆明,4号线,菊华
重庆,3号线,金童路
南昌,4号线,怀玉山大道
沈阳,10号线,北塔
南宁,4号线,总部基地
合肥,4号线,青龙岗
上海,3号线,中山公园
长春,8号线,北环城路
长沙,4号线,阜埠河
无锡,4号线,大剧院
郑州,4号线,杨君刘
香港,将军澳线(北角-康城),油塘
西安,4号线,大明宫北
宁波,4号线,慈城
深圳,3号线/龙岗线,晒布
北京,4号线大兴线,灵境胡同
南京,S3号线(宁和线),贾西
青岛,3号线,汇泉广场
杭州,绍兴1号线,鲁迅故里
苏州,3号线,新郭
广州,3号线(北延段),永泰
天津,4号线,万东路
大连,13号线,十三里
成都,2号线,惠王陵
武汉,3号线,双墩
昆明,4号线,和甸营
重庆,3号线,鸳鸯
南昌,4号线,安丰
沈阳,10号线,合作街
南宁,4号线,飞龙路
合肥,4号线,合肥七中
上海,3号线,延安西路
长春,8号线,一二三中学
长沙,4号线,碧沙湖
无锡,4号线,五湖大道
郑州,4号线,森林公园北
香港,将军澳线(北角-康城),鱼涌
西安,4号线,大明宫
宁波,4号线,官山河
深圳,3号线/龙岗线,翠竹
北京,4号线大兴线,西四
南京,S3号线(宁和线),春江路
青岛,3号线,人民会堂
杭州,绍兴1号线,城南大道
苏州,3号线,石湖北
广州,3号线(北延段),同和
天津,4号线,沙柳南路
大连,13号线,九里
成都,2号线,洪河
武汉,3号线,武汉商务区
昆明,4号线,牛街庄
重庆,3号线,园博园
南昌,4号线,东新
沈阳,10号线,东北大马路
南宁,4号线,体育中心西
合肥,4号线,量子科学中心
上海,3号线,虹桥路
长春,8号线,小南
长沙,4号线,黄土岭
无锡,4号线,周新苑
郑州,4号线,清华附中
香港,将军澳线(北角-康城),北角
西安,4号线,含元殿
宁波,4号线,长兴路
深圳,3号线/龙岗线,田贝
北京,4号线大兴线,平安里
南京,S3号线(宁和线),铁心桥
青岛,3号线,青岛站
杭州,绍兴1号线,凤凰山
苏州,3号线,横塘
广州,3号线(北延段),京溪南方医院
天津,4号线,登州南路
大连,保税区线,地铁大连站
成都,2号线,成都行政学院
武汉,3号线,云飞路
昆明,4号线,朱家村
重庆,3号线,翠云
南昌,4号线,新洪城大市场
沈阳,10号线,滂江街
南宁,4号线,体育中心东
合肥,4号线,科大先研院
上海,3号线,宜山路
长春,8号线,小城子街
长沙,4号线,砂子塘
无锡,4号线,市民中心
郑州,4号线,龙湖中环北
香港,将军澳线(琳-北角),北角
西安,4号线,西安站
宁波,4号线,金山路
深圳,3号线/龙岗线,水贝
北京,4号线大兴线,新街口
南京,S3号线(宁和线),景明佳园
青岛,8号线,胶州北站
杭州,绍兴1号线,劳家葑
苏州,3号线,横山
广州,3号线(北延段),梅花园
天津,4号线,跃进北路
大连,保税区线,香炉礁
成都,2号线,大面铺
武汉,3号线,范湖
昆明,4号线,羊甫头
重庆,3号线,长福路
南昌,4号线,丁家洲
沈阳,10号线,长安路
南宁,4号线,良庆大桥南
合肥,4号线,北雁湖
上海,3号线,漕溪路
长春,8号线,北湖大桥
长沙,4号线,赤岗岭
无锡,4号线,吴都路
郑州,4号线,龙湖北
香港,将军澳线(琳-北角),鱼涌
西安,4号线,五路口
宁波,4号线,奥体中心
深圳,3号线/龙岗线,草埔
北京,4号线大兴线,西直门
南京,S3号线(宁和线),南京南站
青岛,8号线,胶东机场
杭州,绍兴1号线,南池
苏州,3号线,索山桥西
广州,3号线(北延段),燕塘
天津,4号线,航双路
大连,保税区线,金家街
成都,2号线,连山坡
武汉,3号线,菱角湖
昆明,4号线,玉缘路
重庆,3号线,回兴
南昌,4号线,观洲
沈阳,10号线,万莲
南宁,4号线,良庆圩
合肥,4号线,玉兰大道
上海,3号线,龙漕路
长春,8号线,北湖公园
长沙,4号线,树木岭
无锡,4号线,丰润道
郑州,4号线,金融岛北
香港,将军澳线(琳-北角),油塘
西安,4号线,大差市
宁波,4号线,洪塘中路
深圳,3号线/龙岗线,布吉
北京,4号线大兴线,动物园
南京,3号线,秣周东路
青岛,8号线,胶东
杭州,绍兴1号线,栖湖
苏州,3号线,沙金桥
广州,3号线(北延段),广州东站
天津,4号线,民航大学
大连,保税区线,泉水
成都,2号线,界牌
武汉,3号线,香港路
昆明,4号线,广卫
重庆,3号线,双龙
南昌,4号线,云天路
沈阳,10号线,泉园
南宁,4号线,楞塘村
合肥,4号线,金桂
上海,3号线,石龙路
长春,8号线,和安街
长沙,4号线,圭塘
无锡,4号线,博览中心
郑州,4号线,金融岛南
香港,将军澳线(琳-北角),调景岭
西安,4号线,和平门
宁波,4号线,洪大路
深圳,3号线/龙岗线,木棉湾
北京,4号线大兴线,国家图书馆
南京,3号线,东大九龙湖校区
青岛,8号线,大涧
杭州,绍兴1号线,芳泉
苏州,3号线,狮山路
广州,3号线(北延段),林和西
天津,4号线,新兴村
大连,保税区线,后盐
成都,2号线,书房
武汉,3号线,惠济二路
昆明,4号线,塔密
重庆,3号线,碧津
南昌,4号线,灌婴路
沈阳,10号线,江东街
南宁,5号线,国凯大道
合肥,4号线,柳树塘
上海,3号线,上海南站
长春,8号线,光机路
长沙,4号线,沙湾公园
郑州,4号线,龙湖南
香港,将军澳线(琳-北角),将军澳
西安,4号线,建筑科技大学・李家村
宁波,4号线,庄桥火车站
深圳,3号线/龙岗线,大芬
北京,4号线大兴线,魏公村
南京,3号线,诚信大道
青岛,8号线,红岛火车站
杭州,2号线,朝阳
苏州,3号线,狮子山
广州,3号线(北延段),体育西路
天津,5号线,李七庄南
大连,保税区线,大连湾
成都,2号线,龙平路
武汉,3号线,赵家条
昆明,4号线,斗南
重庆,3号线,江北机场T2航站楼
南昌,4号线,南昌大桥东
沈阳,10号线,长青桥
南宁,5号线,那洪立交
合肥,4号线,图书馆
上海,4号线,宜山路
长春,8号线,大学城路
长沙,4号线,粟塘
郑州,4号线,龙湖中环南
香港,将军澳线(琳-北角),坑口
西安,4号线,西安科技大学
宁波,4号线,丽江路
深圳,3号线/龙岗线,丹竹头
北京,4号线大兴线,人民大学
南京,3号线,九龙湖
青岛,8号线,健康中心
杭州,2号线,曹家桥
苏州,3号线,何山
广州,4号线,黄村
天津,5号线,中医一附院
大连,保税区线,金马路
成都,2号线,龙泉驿
武汉,3号线,罗家庄
昆明,4号线,金桂街
重庆,3号线北延伸段,碧津
南昌,4号线,桃苑
沈阳,10号线,长青南街
南宁,5号线,金凯路
合肥,4号线,天鹅湖
上海,4号线,虹桥路
长春,8号线,地理所
长沙,4号线,平阳
郑州,4号线,农业东路
香港,将军澳线(琳-北角),宝琳
西安,4号线,大雁塔
宁波,4号线,双东路
深圳,3号线/龙岗线,六约
北京,4号线大兴线,海淀黄庄
南京,3号线,天元西路
青岛,8号线,健身中心(红岛会展)
杭州,2号线,潘水
苏州,3号线,西津桥
广州,4号线,车陂
天津,5号线,昌凌路
大连,保税区线,开发区
成都,3号线,成都医学院
武汉,3号线,二七小路
昆明,4号线,梅子村
重庆,3号线北延伸段,双凤桥
南昌,4号线,绳金塔
沈阳,10号线,理工大学
南宁,5号线,江南公园
合肥,4号线,天鹅湖东
上海,4号线,延安西路
长春,8号线,奥林匹克公园
长沙,4号线,长沙火车南站
郑州,4号线,中央商务区
香港,南港岛线,金钟
西安,4号线,大唐芙蓉园
宁波,4号线,翠柏里
深圳,3号线/龙岗线,塘坑
北京,4号线大兴线,中关村
南京,3号线,胜太西路
青岛,8号线,观涛
杭州,2号线,人民路
苏州,3号线,马运路
广州,4号线,车陂南
天津,5号线,凌宾路
大连,保税区线,保税区
成都,3号线,石油大学
武汉,3号线,兴业路
昆明,4号线,古城
重庆,3号线北延伸段,空港广场
南昌,4号线,坛子口
沈阳,10号线,张沙布
南宁,5号线,周家坡
合肥,4号线,姚公庙
上海,4号线,中山公园
长春,8号线,广通路
长沙,4号线,光达
郑州,4号线,会展中心
香港,南港岛线,海洋公园
西安,4号线,曲江池西
宁波,4号线,大卿桥
深圳,3号线/龙岗线,横岗
北京,4号线大兴线,北京大学东门
南京,3号线,宏运大道
青岛,8号线,红岛科技馆(方特)
杭州,2号线,杭发厂
苏州,3号线,铜墩
广州,4号线,万胜围
天津,5号线,体育中心
大连,九里线,和平路
成都,3号线,钟楼
武汉,3号线,后湖大道
昆明,4号线,可乐村
重庆,3号线北延伸段,高堡湖
南昌,4号线,丁公路南
南宁,5号线,五一立交
合肥,4号线,南屏路
上海,4号线,金沙江路
长沙,4号线,杜家坪
郑州,4号线,商鼎路
香港,南港岛线,黄竹坑
西安,4号线,金滹沱
宁波,4号线,柳西
深圳,3号线/龙岗线,永湖
北京,4号线大兴线,圆明园
南京,3号线,南京南站
青岛,8号线,大洋
杭州,2号线,人民广场
苏州,3号线,长亭
广州,4号线,官洲
天津,5号线,肿瘤医院
大连,九里线,东山路
成都,3号线,马超西路
武汉,3号线,市民之家
昆明,4号线,祥丰街
重庆,3号线北延伸段,观月路
南昌,4号线,丁公路北
南宁,5号线,新秀公园
合肥,4号线,薛河
上海,4号线,曹杨路
长沙,5号线,水渡河
郑州,4号线,东十里铺
香港,南港岛线,利东
西安,4号线,航天大道
宁波,4号线,宁波火车站
深圳,3号线/龙岗线,荷坳
北京,4号线大兴线,西苑
南京,3号线,明发广场
青岛,8号线,青岛北站
杭州,2号线,建设一路
苏州,3号线,文昌路
广州,4号线,大学城北
天津,5号线,天津宾馆
大连,九里线,鸿玮澜山
成都,3号线,团结新区
武汉,3号线,宏图大道
昆明,4号线,牛头山
重庆,3号线北延伸段,莲花
南昌,4号线,人民公园
南宁,5号线,广西大学
合肥,4号线,竹西
上海,4号线,镇坪路
长沙,5号线,土桥
郑州,4号线,货站街
香港,南港岛线,海怡半岛
西安,4号线,飞天路
宁波,4号线,兴宁桥西
深圳,3号线/龙岗线,大运
北京,4号线大兴线,北宫门
南京,3号线,大明路
青岛,11号线,苗岭路
杭州,2号线,建设三路
苏州,3号线,惠昌路
广州,4号线,大学城南
天津,5号线,文化中心
大连,九里线,通世泰
成都,3号线,锦水河
武汉,4号线,柏林
昆明,4号线,联大街
重庆,3号线北延伸段,举人坝
南昌,4号线,上沙沟
南宁,5号线,秀灵路
合肥,4号线,淝南
上海,4号线,中潭路
长沙,5号线,白茅铺
郑州,4号线,七里河
香港,屯马线,屯门
西安,4号线,东长安街
宁波,4号线,兴宁桥东
深圳,3号线/龙岗线,爱联
北京,4号线大兴线,安河桥北
南京,3号线,卡子门
青岛,11号线,会展中心
杭州,2号线,振宁路
苏州,3号线,苏州新区火车站
广州,4号线,新造
天津,5号线,西南楼
大连,九里线,开发区
成都,3号线,三河场
武汉,4号线,新庙村
昆明,4号线,吴家营
重庆,4号线,黄岭
南昌,4号线,起凤路
南宁,5号线,明秀路
合肥,4号线,合肥南站
上海,4号线,上海火车站
长沙,5号线,月湖公园北
郑州,4号线,果树所
香港,屯马线,兆康
西安,4号线,神舟大道
宁波,4号线,白鹤
深圳,3号线/龙岗线,吉祥
北京,5号线,宋家庄
南京,3号线,雨花门
青岛,11号线,青岛二中
杭州,2号线,飞虹路
苏州,4号线,龙道浜
广州,4号线,石
天津,5号线,下瓦房
大连,九里线,金马路
成都,3号线,金华寺东路
武汉,4号线,临嶂大道
昆明,4号线,昆明南火车站
重庆,4号线,石船
南昌,4号线,七里
南宁,5号线,北湖南路
合肥,4号线,望湖城南
上海,4号线,宝山路
长沙,5号线,马栏山
郑州,4号线,金岱
香港,屯马线,天水围
西安,4号线,航天东路
宁波,4号线,儿童公园
深圳,3号线/龙岗线,龙城广场
北京,5号线,刘家窑
南京,3号线,武定门
青岛,11号线,青岛科大
杭州,2号线,盈丰路
苏州,4号线,张庄
广州,4号线,海傍
天津,5号线,直沽
大连,九里线,大连湾
成都,3号线,植物园
武汉,4号线,蔡甸广场
昆明,5号线,世博园
重庆,4号线,桐梓林
南昌,4号线,民园路西
南宁,5号线,虎邱
合肥,4号线,葛大店南
上海,4号线,海伦路
长沙,5号线,鸭子铺
郑州,4号线,姚庄
香港,屯马线,朗屏
西安,4号线,航天新城
宁波,4号线,矮柳
深圳,3号线/龙岗线,南联
北京,5号线,蒲黄榆
南京,3号线,夫子庙
青岛,11号线,张村
杭州,2号线,钱江世纪城
苏州,4号线,姚祥
广州,4号线,低涌
天津,5号线,津塘路
大连,九里线,后盐
成都,3号线,军区总医院
武汉,4号线,凤凰路
昆明,5号线,白龙寺
重庆,4号线,普福
南昌,4号线,火炬
南宁,5号线,狮山公园
合肥,4号线,工经学院
上海,4号线,临平路
长沙,5号线,火炬村
郑州,4号线,郎庄
香港,屯马线,元朗
西安,5号线,创新港
宁波,4号线,潘火路
深圳,3号线/龙岗线,双龙
北京,5号线,天坛东门
南京,3号线,常府街
青岛,11号线,枯桃
杭州,2号线,钱江路
苏州,4号线,活力岛
广州,4号线,东涌
天津,5号线,成林道
大连,九里线,泉水
成都,3号线,熊猫大道
武汉,4号线,新农
昆明,5号线,石闸
重庆,4号线,高石塔
南昌,4号线,北沥
南宁,5号线,小鸡村
合肥,4号线,尧渡河路
上海,4号线,大连路
长沙,5号线,马王堆
郑州,5号线,月季公园
香港,屯马线,锦上路
西安,5号线,创新港东
宁波,4号线,嵩江东路
深圳,4号线/龙华线,福田口岸
北京,5号线,磁器口
南京,3号线,大行宫
青岛,11号线,海洋大学
杭州,2号线,庆春广场
苏州,4号线,孙武纪念园
广州,4号线,庆盛
天津,5号线,靖江路
大连,九里线,金家街
成都,3号线,动物园
武汉,4号线,知音
昆明,5号线,穿金路
重庆,4号线,龙兴
南昌,4号线,科技城
南宁,5号线,邕宾立交
合肥,4号线,五里庙
上海,4号线,杨树浦路
长沙,5号线,万家丽广场
郑州,5号线,沙口路
香港,屯马线,荃湾西
西安,5号线,翱翔小镇
宁波,4号线,南高教园区
深圳,4号线/龙华线,福民
北京,5号线,崇文门
南京,3号线,浮桥
青岛,11号线,世博园
杭州,2号线,庆菱路
苏州,4号线,平泷路西
广州,4号线,黄阁汽车城
天津,5号线,幸福公园
大连,九里线,香炉礁
成都,3号线,昭觉寺南路
武汉,4号线,集贤
昆明,5号线,火车北站
重庆,4号线,龙驿大道
南昌,4号线,鱼尾洲
南宁,5号线,降桥
合肥,4号线,唐桥
上海,4号线,浦东大道
长沙,5号线,芙蓉区政府
郑州,5号线,海滩寺
香港,屯马线,美孚
西安,5号线,钓台
宁波,4号线,金达南路
深圳,4号线/龙华线,会展中心
北京,5号线,东单
南京,3号线,鸡鸣寺
青岛,11号线,北宅
杭州,2号线,建国北路
苏州,4号线,苏锦
广州,4号线,黄阁
天津,5号线,月牙河
大连,九里线,地铁大连站
成都,3号线,驷马桥
武汉,4号线,新天
昆明,5号线,圆通山
重庆,4号线,三板溪
南宁,5号线,金桥客运站
合肥,4号线,东七里
上海,4号线,世纪大道
长沙,5号线,高桥北
郑州,5号线,郑州人民医院
香港,屯马线,南昌
西安,5号线,沣西文化公园
宁波,4号线,小洋江
深圳,4号线/龙华线,市民中心
北京,5号线,灯市口
南京,3号线,南京林业大学・新庄
青岛,11号线,北九水
杭州,2号线,中河北路
苏州,4号线,苏州火车站
广州,4号线,蕉门
天津,5号线,金钟河大街
大连,九里支线,九里
成都,3号线,李家沱
武汉,4号线,黄金口
昆明,5号线,华山西路
重庆,4号线,复盛
合肥,4号线,站塘
上海,4号线,浦电路(4号线)
长沙,5号线,高桥南
郑州,5号线,黄河路
香港,屯马线,柯士甸
西安,5号线,东马坊
宁波,4号线,东钱湖
深圳,4号线/龙华线,少年宫
北京,5号线,东四
南京,3号线,南京站
青岛,11号线,庙石
杭州,2号线,凤起路
苏州,4号线,北寺塔
广州,4号线,金洲
天津,5号线,建昌道
大连,九里支线,十九局
成都,3号线,前锋路
武汉,4号线,孟家铺
昆明,5号线,五一路
重庆,4号线,石河清
合肥,4号线,方庙
上海,4号线,蓝村路
长沙,5号线,圭塘
郑州,5号线,省人民医院
香港,屯马线,尖东
西安,5号线,高桥
宁波,5号线,兴庄路
深圳,4号线/龙华线,莲花北
北京,5号线,张自忠路
南京,3号线,小市
青岛,11号线,浦里
杭州,2号线,武林门
苏州,4号线,察院场
广州,4号线,飞沙角
天津,5号线,思源路
大连,九里支线,和平路
成都,3号线,红星桥
武汉,4号线,永安堂
昆明,5号线,弥勒寺
重庆,4号线,雁坪
合肥,4号线,新海公园
上海,4号线,塘桥
长沙,5号线,木桥
郑州,5号线,姚砦・聂庄
香港,屯马线,红|
西安,5号线,文教园
宁波,5号线,三官堂
深圳,4号线/龙华线,上梅林
北京,5号线,北新桥
南京,3号线,五塘广场
青岛,11号线,鳌山卫
杭州,2号线,沈塘桥
苏州,4号线,乐桥
广州,4号线,广隆
天津,5号线,志成路
大连,九里支线,东山路
成都,3号线,市二医院
武汉,4号线,玉龙路
昆明,5号线,严家地
重庆,4号线,鱼嘴
合肥,4号线,十里村
上海,4号线,南浦大桥
长沙,5号线,雨花区政府
郑州,5号线,众意西路
香港,屯马线,何文田
西安,5号线,欢乐谷
宁波,5号线,盎孟港
深圳,4号线/龙华线,民乐
北京,5号线,雍和宫
南京,3号线,上元门
青岛,11号线,山东大学
杭州,2号线,下宁桥
苏州,4号线,三元坊
广州,4号线,大涌
天津,5号线,张兴庄
大连,九里支线,鸿玮澜山
成都,3号线,春熙路
武汉,4号线,王家湾
昆明,5号线,金兰路
重庆,4号线,果园物流枢纽
合肥,4号线,陶冲湖东
上海,4号线,西藏南路
长沙,5号线,大塘
郑州,5号线,中央商务区
香港,屯马线,土瓜湾
西安,5号线,镐京
宁波,5号线,院士路
深圳,4号线/龙华线,白石龙
北京,5号线,和平里北街
南京,3号线,柳洲东路
青岛,11号线,蓝色硅谷
杭州,2号线,学院路
苏州,4号线,南门
广州,4号线,塘坑
天津,5号线,宜兴埠北
大连,九里支线,通世泰
成都,3号线,新南门
武汉,4号线,十里铺
昆明,5号线,福海
重庆,4号线,鹿栖
合肥,4号线,安医大四附院
上海,4号线,鲁班路
长沙,5号线,板塘冲
郑州,5号线,儿童医院・颐和医院
香港,屯马线,宋皇台
西安,5号线,复兴大道南
宁波,5号线,会展中心
深圳,4号线/龙华线,深圳北站
北京,5号线,和平西桥
南京,3号线,天润城
青岛,11号线,水泊
杭州,2号线,古翠路
苏州,4号线,人民桥南
广州,4号线,南横
天津,5号线,辽河北道
大连,九里支线,开发区
成都,3号线,磨子桥
武汉,4号线,七里庙
昆明,5号线,广福路西口
重庆,4号线,铁山坪
合肥,4号线,综保区
上海,4号线,大木桥路
长沙,5号线,毛竹塘
郑州,5号线,祭城
香港,屯马线,启德
西安,5号线,斗门
宁波,5号线,民安东路
深圳,4号线/龙华线,红山
北京,5号线,惠新西街南口
南京,3号线,泰冯路
青岛,11号线,博览中心
杭州,2号线,丰潭路
苏州,4号线,团结桥
广州,4号线,南沙客运港
天津,5号线,淮河道
成都,3号线,省体育馆
武汉,4号线,五里墩
昆明,5号线,大坝
重庆,4号线,唐家沱
合肥,5号线,望湖城西
上海,4号线,东安路
长沙,6号线,谢家桥
郑州,5号线,金水东路
香港,屯马线,钻石山
西安,5号线,王寺
宁波,5号线,海晏北路
深圳,4号线/龙华线,上塘
北京,5号线,惠新西街北口
南京,3号线,东大成贤学院
青岛,11号线,温泉东
杭州,2号线,文新
苏州,4号线,宝带路
广州,5号线,蚩
天津,5号线,职业大学
成都,3号线,衣冠庙
武汉,4号线,汉阳火车站
昆明,5号线,迎海路
重庆,4号线,太平冲
合肥,5号线,合肥南站
上海,4号线,上海体育场
长沙,6号线,象鼻窝
郑州,5号线,郑州东站
香港,屯马线,显径
西安,5号线,阿房宫南
宁波,5号线,柳隘
深圳,4号线/龙华线,龙胜
北京,5号线,大屯路东
南京,3号线,星火路
青岛,11号线,皋虞
杭州,2号线,三坝
苏州,4号线,石湖东路
广州,5号线,坦尾
天津,5号线,北辰道
成都,3号线,高升桥
武汉,4号线,钟家村
昆明,5号线,渔户村
重庆,4号线,黑石子
合肥,5号线,盛大
上海,4号线,上海体育馆
长沙,6号线,中塘
郑州,5号线,康宁街
香港,屯马线,大围
西安,5号线,石桥立交
宁波,5号线,曹隘
深圳,4号线/龙华线,龙华
北京,5号线,北苑路北
南京,3号线,林场
青岛,11号线,臧村
杭州,2号线,虾龙圩
苏州,4号线,红庄
广州,5号线,中山八
天津,5号线,丹河北道
成都,3号线,红牌楼
武汉,4号线,拦江路
昆明,5号线,兴体路
重庆,4号线,寸滩
合肥,5号线,包河苑
上海,5号线(莘庄--闵行开发区),闵行开发区
长沙,6号线,一师范西校区
郑州,5号线,省骨科医院
香港,屯马线,车公庙
西安,5号线,西窑头
宁波,5号线,泗港
深圳,4号线/龙华线,清湖
北京,5号线,立水桥南
南京,4号线,龙江
青岛,11号线,钱谷山
杭州,2号线,三墩
苏州,4号线,清树湾
广州,5号线,西场
天津,5号线,北辰科技园北
成都,3号线,太平园
武汉,4号线,复兴路
昆明,5号线,庄家塘立交桥
重庆,4号线,保税港
合肥,5号线,义兴
上海,5号线(莘庄--闵行开发区),文井路
长沙,6号线,长庆
郑州,5号线,经北二路
香港,屯马线,沙田围
西安,5号线,汉城南路
宁波,5号线,大洋江
深圳,4号线/龙华线,清湖北
北京,5号线,立水桥
南京,4号线,草场门・南艺・二师
青岛,13号线,井冈山路
杭州,2号线,墩祥街
苏州,4号线,花港
广州,5号线,西村
天津,6号线,南孙庄
成都,3号线,川藏立交
武汉,4号线,首义路
昆明,5号线,金家河
重庆,4号线,头塘
合肥,5号线,大连路
上海,5号线(莘庄--闵行开发区),华宁路
长沙,6号线,和馨园
郑州,5号线,经开中心广场
香港,屯马线,第一城
西安,5号线,金光门
宁波,5号线,下应路
深圳,4号线/龙华线,竹村
北京,5号线,天通苑南
南京,4号线,云南路
青岛,13号线,积米崖
杭州,2号线,金家渡
苏州,4号线,江陵西路
广州,5号线,广州火车站
天津,6号线,南何庄
成都,3号线,武侯立交
武汉,4号线,武昌火车站
昆明,5号线,福保
重庆,4号线,重庆北站北广场
合肥,5号线,花园大道
上海,5号线(莘庄--闵行开发区),金平路
长沙,6号线,长丰
郑州,5号线,福塔东
香港,屯马线,石门
西安,5号线,丰庆公园
宁波,5号线,南高教园区
深圳,4号线/龙华线,茜坑
北京,5号线,天通苑
南京,4号线,鼓楼
青岛,13号线,灵山卫
杭州,2号线,白洋
苏州,4号线,江兴西路
广州,5号线,小北
天津,6号线,大毕庄
成都,3号线,武青南路
武汉,4号线,梅苑小区
昆明,5号线,滇池国际会展中心
重庆,4号线,民安大道
合肥,5号线,黄河路
上海,5号线(莘庄--闵行开发区),东川路
长沙,6号线,麓谷体育公园
郑州,5号线,中原福塔
香港,屯马线,大水坑
西安,5号线,西北工业大学
宁波,5号线,钱湖南路
深圳,4号线/龙华线,长湖
北京,5号线,天通苑北
南京,4号线,鸡鸣寺
青岛,13号线,学院路
杭州,2号线,杜甫村
苏州,4号线,流虹路
广州,5号线,淘金
天津,6号线,金钟街
成都,3号线,双凤桥
武汉,4号线,中南路
昆明,5号线,宝丰
重庆,5号线,大石坝
合肥,5号线,扬子江路
上海,5号线(莘庄--闵行开发区),剑川路
长沙,6号线,麓谷公园
郑州,5号线,七里河
香港,屯马线,恒安
西安,5号线,边家村
宁波,5号线,鄞州区政府
深圳,4号线/龙华线,观澜
北京,6号线,潞城
南京,4号线,九华山
青岛,13号线,朝阳山
杭州,2号线,良渚
苏州,4号线,笠泽路
广州,5号线,区庄
天津,6号线,徐庄子
成都,3号线,龙桥路
武汉,4号线,洪山广场
昆明,6号线,机场中心
重庆,5号线,大龙山
合肥,5号线,义城
上海,5号线(莘庄--闵行开发区),北桥
长沙,6号线,涧塘
郑州,5号线,航海广场
香港,屯马线,马鞍山
西安,5号线,省人民医院・黄雁村
宁波,5号线,钟公庙
深圳,4号线/龙华线,松元厦
北京,6号线,东夏园
南京,4号线,岗子村
青岛,13号线,辛屯(灵山湾)
杭州,3号线(文一西路-星桥),吴山前村
苏州,4号线,顾家荡
广州,5号线,动物园
天津,6号线,金钟河大街
成都,3号线,航都大街
武汉,4号线,楚河汉街
昆明,6号线,机场前
重庆,5号线,冉家坝
合肥,5号线,省行政中心东
上海,5号线(莘庄--闵行开发区),颛桥
长沙,6号线,湖南工商大学
郑州,5号线,城东南路
香港,屯马线,乌溪沙
西安,5号线,南稍门
宁波,5号线,庙堰
深圳,4号线/龙华线,观澜湖
北京,6号线,郝家府
南京,4号线,蒋王庙
青岛,13号线,两河
杭州,3号线(文一西路-星桥),汤家村
苏州,4号线,苏州湾东
广州,5号线,杨箕
天津,6号线,民权门
成都,3号线,迎春桥
武汉,4号线,青鱼嘴
昆明,6号线,大板桥
重庆,5号线,幸福广场
合肥,5号线,方兴湖
上海,5号线(莘庄--闵行开发区),银都路
长沙,6号线,白鸽咀
郑州,5号线,南五里堡
香港,西铁线,红|
西安,5号线,文艺路
宁波,5号线,雅渡
深圳,4号线/龙华线,牛湖
北京,6号线,北运河东
南京,4号线,王家湾
青岛,13号线,隐珠
杭州,3号线(文一西路-星桥),火车西站
苏州,4号线,松陵大道
广州,5号线,五羊
天津,6号线,北宁公园
成都,3号线,东升
武汉,4号线,东亭
昆明,6号线,东部汽车站
重庆,5号线,人和
合肥,5号线,渡江纪念馆
上海,5号线(莘庄--闵行开发区),春申路
长沙,6号线,湘雅三医院
郑州,5号线,冯庄
香港,西铁线,尖东
西安,5号线,建筑科技大学・李家村
宁波,5号线,石\
深圳,5号线/环中线,赤湾
北京,6号线,北运河西
南京,4号线,聚宝山
青岛,13号线,凤凰山路
杭州,3号线(文一西路-星桥),龙舟北路
苏州,4号线,吴江人民广场
广州,5号线,珠江新城
天津,6号线,北站
成都,3号线,双流广场
武汉,4号线,岳家嘴
昆明,6号线,菊华
重庆,5号线,和睦路
合肥,5号线,沈湾
上海,5号线(莘庄--闵行开发区),莘庄
长沙,6号线,六沟垅
郑州,5号线,京广南路
香港,西铁线,柯士甸
西安,5号线,太乙路
宁波,5号线,同德路
深圳,5号线/环中线,荔湾
北京,6号线,通州北关
南京,4号线,徐庄・苏宁总部
青岛,13号线,双珠路
杭州,3号线(文一西路-星桥),文一西路
苏州,4号线,吴江汽车站
广州,5号线,猎德
天津,6号线,新开河
成都,3号线,三里坝
武汉,4号线,铁机路
昆明,6号线,东郊路
重庆,5号线,重光
合肥,5号线,华山路
上海,5号线(莘庄--奉贤新城),莘庄
长沙,6号线,文昌阁
郑州,5号线,市第二人民医院
香港,西铁线,南昌
西安,5号线,雁翔路北口
宁波,5号线,张家潭
深圳,5号线/环中线,铁路公园
北京,6号线,物资学院路
南京,4号线,金马路
青岛,13号线,世纪大道
杭州,3号线(文一西路-星桥),绿汀路
苏州,4号线,庞金路
广州,5号线,潭村
天津,6号线,外院附中
成都,3号线,双流西站
武汉,4号线,罗家港
昆明,6号线,岔街
重庆,5号线,湖霞街
合肥,5号线,云谷路
上海,5号线(莘庄--奉贤新城),春申路
长沙,6号线,湘雅医院
郑州,5号线,齐礼阎
香港,西铁线,美孚
西安,5号线,青龙寺
宁波,5号线,布政
深圳,5号线/环中线,妈湾
北京,6号线,草房
南京,4号线,汇通路
青岛,13号线,盛海路(世博城)
杭州,3号线(文一西路-星桥),全丰
苏州,4号线,同里
广州,5号线,员村
天津,6号线,天泰路
成都,4号线,西河
武汉,4号线,园林路
昆明,6号线,塘子巷
重庆,5号线,丹鹤
合肥,5号线,清水冲
上海,5号线(莘庄--奉贤新城),银都路
长沙,6号线,烈士公园南
郑州,5号线,后河芦
香港,西铁线,荃湾西
西安,5号线,理工大曲江校区
深圳,5号线/环中线,前湾公园
北京,6号线,常营
南京,4号线,灵山
青岛,13号线,大珠山
杭州,3号线(文一西路-星桥),高教路
苏州,4号线支线,红庄
广州,5号线,科韵路
天津,6号线,北竹林
成都,4号线,明蜀王陵
武汉,4号线,仁和路
重庆,5号线,园博中心
合肥,5号线,云川公园
上海,5号线(莘庄--奉贤新城),颛桥
长沙,6号线,迎宾路口
郑州,5号线,桐淮
香港,西铁线,锦上路
西安,5号线,黄渠头
深圳,5号线/环中线,前湾
北京,6号线,黄渠
南京,4号线,东流
青岛,13号线,张家楼
杭州,3号线(文一西路-星桥),联胜路
苏州,4号线支线,蠡墅
广州,5号线,车陂南
天津,6号线,西站
成都,4号线,成都大学
武汉,4号线,工业四路
重庆,5号线,石桥铺
合肥,5号线,滨湖竹园
上海,5号线(莘庄--奉贤新城),北桥
长沙,6号线,窑岭湘雅二医院
郑州,5号线,陇海西路
香港,西铁线,元朗
西安,5号线,马腾空
深圳,5号线/环中线,桂湾
北京,6号线,褡裢坡
南京,4号线,孟北
青岛,13号线,古镇口
杭州,3号线(文一西路-星桥),洪园
苏州,4号线支线,石湖莫舍
广州,5号线,东圃
天津,6号线,复兴路
成都,4号线,十陵
武汉,4号线,杨春湖
重庆,5号线,石新路
合肥,5号线,贵阳路
上海,5号线(莘庄--奉贤新城),剑川路
长沙,6号线,朝阳村
郑州,5号线,市中心医院
香港,西铁线,朗屏
西安,6号线,西北工业大学
深圳,5号线/环中线,前海湾
北京,6号线,青年路
南京,4号线,西岗桦墅
青岛,13号线,龙湾
杭州,3号线(文一西路-星桥),西溪湿地南
苏州,4号线支线,越溪
广州,5号线,三溪
天津,6号线,人民医院
成都,4号线,来龙
武汉,4号线,武汉火车站
重庆,5号线,巴山
上海,5号线(莘庄--奉贤新城),东川路
长沙,6号线,芙蓉区政府
郑州,5号线,五一公园
香港,西铁线,天水围
西安,6号线,科技路
深圳,5号线/环中线,临海
北京,6号线,十里堡
南京,4号线,仙林湖
青岛,13号线,琅琊
杭州,3号线(文一西路-星桥),花坞
苏州,4号线支线,文溪路
广州,5号线,鱼珠
天津,6号线,长虹公园
成都,4号线,槐树店
武汉,5号线,中医药大学
重庆,5号线,凤西路
上海,5号线(莘庄--奉贤新城),江川路
长沙,6号线,人民东路
郑州,6号线,常庄
香港,西铁线,兆康
西安,6号线,甘家寨
深圳,5号线/环中线,宝华
北京,6号线,金台路
南京,S6号线,马群
青岛,13号线,贡口湾
杭州,3号线(文一西路-星桥),东岳
苏州,4号线支线,天鹅荡路
广州,5号线,大沙地
天津,6号线,宜宾道
成都,4号线,万年场
武汉,5号线,白沙六路
重庆,5号线,重庆西站
上海,5号线(莘庄--奉贤新城),西渡
长沙,6号线,花桥
郑州,6号线,奥体中心
香港,西铁线,屯门
西安,6号线,木塔寺
深圳,5号线/环中线,宝安中心
北京,6号线,呼家楼
南京,S6号线,百水桥
青岛,13号线,董家口港
杭州,3号线(文一西路-星桥),古墩路
苏州,4号线支线,苏州湾北
广州,5号线,大沙东
天津,6号线,鞍山西道
成都,4号线,双桥路
武汉,5号线,光霞
重庆,5号线,华岩寺
上海,5号线(莘庄--奉贤新城),萧塘
长沙,6号线,隆平水稻博物馆
郑州,6号线,奥体中心西
香港,荃湾线,荃湾
西安,6号线,省体育馆
深圳,5号线/环中线,翻身
北京,6号线,东大桥
南京,S6号线,麒麟门
青岛,13号线,泊里
杭州,3号线(文一西路-星桥),古荡新村
苏州,4号线支线,木里
广州,5号线,文冲
天津,6号线,天拖
成都,4号线,玉双路
武汉,5号线,张家湾
重庆,5号线,华成路
上海,5号线(莘庄--奉贤新城),奉浦大道
长沙,6号线,农科院农大
郑州,6号线,金桢路
香港,荃湾线,大窝口
西安,6号线,丈八一路
深圳,5号线/环中线,灵芝
北京,6号线,朝阳门
南京,S6号线,东郊小镇
青岛,13号线,董家口火车站
杭州,3号线(文一西路-星桥),古荡
苏州,5号线,阳澄湖南
广州,6号线,香雪
天津,6号线,一中心医院
成都,4号线,市二医院
武汉,5号线,烽火村
重庆,5号线,半山
上海,5号线(莘庄--奉贤新城),环城东路
长沙,6号线,东湖
郑州,6号线,河南建院
香港,荃湾线,葵兴
西安,6号线,丈八四路
深圳,5号线/环中线,洪浪北
北京,6号线,东四
南京,S6号线,古泉
杭州,3号线(文一西路-星桥),黄龙体育中心
苏州,5号线,葑亭大道
广州,6号线,萝岗
天津,6号线,红旗南路
成都,4号线,太升南路
武汉,5号线,八铺街
重庆,5号线,中梁山
上海,5号线(莘庄--奉贤新城),望园路
长沙,6号线,韶光
郑州,6号线,马寨
香港,荃湾线,葵芳
西安,6号线,丈八六路
深圳,5号线/环中线,兴东
北京,6号线,南锣鼓巷
南京,S6号线,南京猿人洞
杭州,3号线(文一西路-星桥),黄龙洞
苏州,5号线,东沙湖
广州,6号线,苏元
天津,6号线,迎风道
成都,4号线,骡马市
武汉,5号线,复兴路
重庆,5号线,金建路
上海,5号线(莘庄--奉贤新城),金海湖
长沙,6号线,龙华
郑州,6号线,安宁路
香港,荃湾线,荔景
西安,6号线,造字台
深圳,5号线/环中线,留仙洞
北京,6号线,北海北
南京,S6号线,汤山
杭州,3号线(文一西路-星桥),武林门
苏州,5号线,龙墩
广州,6号线,暹岗
天津,6号线,南翠屏
成都,4号线,宽窄巷子
武汉,5号线,彭刘杨
重庆,5号线,华岩中心
上海,5号线(莘庄--奉贤新城),奉贤新城
长沙,6号线,檀木桥
郑州,6号线,洞林寺
香港,荃湾线,美孚
西安,6号线,西部大道(西太路口)
深圳,5号线/环中线,西丽
北京,6号线,平安里
南京,S6号线,泉都大街
杭州,3号线(文一西路-星桥),武林广场
苏州,5号线,星塘街
广州,6号线,金峰
天津,6号线,水上公园东路
成都,4号线,中医大省医院
武汉,5号线,司门口黄鹤楼
重庆,5号线,跳磴
上海,6号线,东方体育中心
长沙,6号线,曹家坪
郑州,6号线,洞林湖
香港,荃湾线,荔枝角
西安,6号线,郭杜西
深圳,5号线/环中线,大学城
北京,6号线,车公庄
南京,S6号线,黄梅
杭州,3号线(文一西路-星桥),西湖文化广场
苏州,5号线,方洲公园
广州,6号线,黄陂
天津,6号线,肿瘤医院
成都,4号线,草堂北路
武汉,5号线,昙华林武胜门
重庆,6号线,茶园
上海,6号线,灵岩南路
长沙,6号线,龙峰
郑州,6号线,贾峪
香港,荃湾线,长沙湾
西安,6号线,仁村
深圳,5号线/环中线,塘朗
北京,6号线,车公庄西
南京,S6号线,童世界
杭州,3号线(文一西路-星桥),潮王路
苏州,5号线,苏州奥体中心
广州,6号线,高塘石
天津,6号线,天津宾馆
成都,4号线,西南财大
武汉,5号线,积玉桥
重庆,6号线,邱家湾
上海,6号线,上南路
长沙,6号线,大路村
郑州,14号线,铁炉
香港,荃湾线,深水
西安,6号线,西安国际医学中心
深圳,5号线/环中线,长岭陂
北京,6号线,白石桥南
南京,S6号线,华阳
杭州,3号线(文一西路-星桥),香积寺
苏州,5号线,斜塘
广州,6号线,柯木i
天津,6号线,文化中心
成都,4号线,文化宫
武汉,5号线,三层楼
重庆,6号线,长生桥
上海,6号线,华夏西路
长沙,6号线,木马F
郑州,14号线,市委党校
香港,荃湾线,太子
西安,9号线,纺织城
深圳,5号线/环中线,深圳北站
北京,6号线,花园桥
南京,S6号线,崇明
杭州,3号线(文一西路-星桥),大关
苏州,5号线,华莲
广州,6号线,龙洞
天津,6号线,乐园道
成都,4号线,清江西路
武汉,5号线,三角路
重庆,6号线,刘家坪
上海,6号线,高青路
长沙,6号线,黄花机场T1T2
郑州,14号线,奥体中心
香港,荃湾线,旺角
西安,9号线,香王
深圳,5号线/环中线,民治
北京,6号线,慈寿寺
南京,S6号线,句容
杭州,3号线(文一西路-星桥),善贤
苏州,5号线,金湖
广州,6号线,植物园
天津,6号线,尖山路
成都,4号线,成都西站
武汉,5号线,徐家棚
重庆,6号线,上新街
上海,6号线,东明路
长沙,磁浮快线,磁浮机场站
郑州,城郊线,南四环
香港,荃湾线,油麻地
西安,9号线,灞柳二路
深圳,5号线/环中线,五和
北京,6号线,海淀五路居
南京,S7号线(宁溧线),空港新城江宁
杭州,3号线(文一西路-星桥),新天地街
苏州,5号线,李公堤南
广州,6号线,长
天津,6号线,医大二院
成都,4号线,中坝
武汉,5号线,杨园铁四院
重庆,6号线,小什字
上海,6号线,高科西路
长沙,磁浮快线,磁浮榔梨
郑州,城郊线,十八里河
香港,荃湾线,佐敦
西安,9号线,田王
深圳,5号线/环中线,坂田
北京,6号线,田村
南京,S7号线(宁溧线),柘塘
杭州,3号线(文一西路-星桥),汽轮广场
苏州,5号线,星波街
广州,6号线,天河客运站
天津,6号线,梅江道
成都,4号线,蔡桥
武汉,5号线,余家头
重庆,6号线,大剧院
上海,6号线,临沂新村
长沙,磁浮快线,磁浮高铁站
郑州,城郊线,沙窝李
香港,荃湾线,尖沙咀
西安,9号线,洪庆
深圳,5号线/环中线,杨美
北京,6号线,廖公庄
南京,S7号线(宁溧线),空港新城溧水
杭州,3号线(文一西路-星桥),华丰路
苏州,5号线,金厍桥
广州,6号线,燕塘
天津,6号线,左江道
成都,4号线,非遗博览园
武汉,5号线,科普公园
重庆,6号线,江北城
上海,6号线,上海儿童医学中心
郑州,城郊线,双湖大道
香港,荃湾线,金钟
西安,9号线,紫霞三路
深圳,5号线/环中线,上水径
北京,6号线,西黄村
南京,S7号线(宁溧线),群力
杭州,3号线(文一西路-星桥),同协路
苏州,5号线,黄天荡
广州,6号线,天平架
天津,6号线,梅江公园
成都,4号线,马厂坝
武汉,5号线,建设二路
重庆,6号线,五里店
上海,6号线,蓝村路
郑州,城郊线,华南城西
香港,荃湾线,中环
西安,9号线,凤凰池
深圳,5号线/环中线,下水径
北京,6号线,杨庄
南京,S7号线(宁溧线),卧龙湖
杭州,3号线(文一西路-星桥),桃花湖公园
苏州,5号线,荷花荡
广州,6号线,沙河顶
天津,6号线,梅江会展中心
成都,4号线,凤凰大街
武汉,5号线,和平公园
重庆,6号线,红土地
上海,6号线,浦电路(6号线)
郑州,城郊线,华南城
西安,9号线,鹦鹉寺公园
深圳,5号线/环中线,长龙
北京,6号线,苹果园
南京,S7号线(宁溧线),溧水
杭州,3号线(文一西路-星桥),丁桥
苏州,5号线,竹辉桥
广州,6号线,黄花岗
天津,6号线,解放南路
成都,4号线,涌泉
武汉,5号线,红钢城
重庆,6号线,黄泥Y
上海,6号线,世纪大道
郑州,城郊线,孟庄
西安,9号线,芷阳广场
深圳,5号线/环中线,布吉
北京,6号线,金安桥
南京,S7号线(宁溧线),中山湖
杭州,3号线(文一西路-星桥),华鹤街
苏州,5号线,南园北路
广州,6号线,区庄
天津,6号线,洞庭路
成都,4号线,光华公园
武汉,5号线,青宜居
重庆,6号线,红旗河沟
上海,6号线,源深体育中心
郑州,城郊线,港区北
西安,9号线,西工程大・西科大(临潼校区)
深圳,5号线/环中线,百鸽笼
北京,7号线,环球度假区
南京,S7号线(宁溧线),幸庄
杭州,3号线(文一西路-星桥),黄鹤山
苏州,5号线,南门
广州,6号线,东山口
天津,6号线,梅林路
成都,4号线,南熏大道
武汉,5号线,工人村
重庆,6号线,花卉园
上海,6号线,民生路
郑州,城郊线,康平湖
西安,9号线,西花园
深圳,5号线/环中线,布心
北京,7号线,花庄
南京,S7号线(宁溧线),无想山
杭州,3号线(文一西路-星桥),星桥
苏州,5号线,新市桥
广州,6号线,东湖
天津,6号线,渌水道
成都,4号线,凤溪河
武汉,5号线,武钢
重庆,6号线,大龙山
上海,6号线,北洋泾路
郑州,城郊线,兰河公园
西安,9号线,华清池
深圳,5号线/环中线,太安
北京,7号线,高楼金
南京,S8号线(宁天线),长江大桥北
杭州,3号线(石马-星桥),星桥
苏州,5号线,劳动路
广州,6号线,团一大广场
天津,6号线,渌水道
成都,4号线,杨柳河
武汉,5号线,厂前
重庆,6号线,冉家坝
上海,6号线,德平路
郑州,城郊线,恩平湖
西安,9号线,东三岔
深圳,5号线/环中线,怡景
北京,7号线,群芳
南京,S8号线(宁天线),毛纺厂路
杭州,3号线(石马-星桥),黄鹤山
苏州,5号线,双桥
广州,6号线,北京路
天津,6号线,双港
成都,4号线,万盛
武汉,5号线,武汉站东广场
重庆,6号线,光电园
上海,6号线,云山路
郑州,城郊线,综合保税区
西安,9号线,银桥大道
深圳,5号线/环中线,黄贝岭
北京,7号线,万盛东
南京,S8号线(宁天线),泰山新村
杭州,3号线(石马-星桥),华鹤街
苏州,5号线,索山桥西
广州,6号线,海珠广场
天津,6号线,景荷道
成都,5号线,华桂路
武汉,6号线,新城十一路
重庆,6号线,大竹林
上海,6号线,金桥路
郑州,城郊线,新郑机场
西安,9号线,秦陵西
深圳,6号线/光明线,松岗
北京,7号线,万盛西
南京,S8号线(宁天线),泰冯路
杭州,3号线(石马-星桥),丁桥
苏州,5号线,落星桥
广州,6号线,一德路
天津,6号线,景荔道
成都,5号线,柏水场
武汉,6号线,码头潭公园
重庆,6号线,康庄
上海,6号线,博兴路
郑州,城郊线,机场东
西安,14号线,贺韶
深圳,6号线/光明线,溪头
北京,7号线,黑庄户
南京,S8号线(宁天线),高新开发区
杭州,3号线(石马-星桥),桃花湖公园
苏州,5号线,石城
广州,6号线,文化公园
天津,6号线,天津大学北洋园校区
成都,5号线,廖家湾
武汉,6号线,五环体育中心
重庆,6号线,九曲河
上海,6号线,五莲路
郑州,城郊线,港区会展
西安,14号线,港务大道
深圳,6号线/光明线,松岗公园
北京,7号线,郎辛庄
南京,S8号线(宁天线),信息工程大学
杭州,3号线(石马-星桥),同协路
苏州,5号线,西跨塘
广州,6号线,黄沙
天津,6号线,海河教育园区
成都,5号线,北部商贸城
武汉,6号线,二雅路
重庆,6号线,礼嘉
上海,6号线,巨峰路
郑州,城郊线,郑州航空港站
西安,14号线,新寺
深圳,6号线/光明线,薯田埔
北京,7号线,黄厂
南京,S8号线(宁天线),卸甲甸
杭州,3号线(石马-星桥),华丰路
苏州,5号线,大治桥
广州,6号线,如意坊
天津,6号线,南开大学津南校区
成都,5号线,幸福桥
武汉,6号线,海口三路
重庆,6号线,金山寺
上海,6号线,东靖路
西安,14号线,双寨
深圳,6号线/光明线,合水口
北京,7号线,焦化厂
南京,S8号线(宁天线),大厂
杭州,3号线(石马-星桥),汽轮广场
苏州,5号线,渎川桥
广州,6号线,坦尾
天津,6号线,和慧南路
成都,5号线,九道堰
武汉,6号线,金银湖公园
重庆,6号线,曹家湾
上海,6号线,五洲大道
西安,14号线,奥体中心
深圳,6号线/光明线,公明广场
北京,7号线,双合
南京,S8号线(宁天线),葛塘
杭州,3号线(石马-星桥),新天地街
苏州,5号线,灵岩山
广州,6号线,河沙
天津,6号线,咸水沽西
成都,5号线,杜家碾
武汉,6号线,金银湖
重庆,6号线,蔡家
上海,6号线,洲海路
西安,14号线,北辰
深圳,6号线/光明线,红花山
北京,7号线,垡头
南京,S8号线(宁天线),长芦
杭州,3号线(石马-星桥),善贤
苏州,5号线,许家桥
广州,6号线,沙贝
天津,9号线,东海路
成都,5号线,大丰
武汉,6号线,园博园北
重庆,6号线,向家岗
上海,6号线,外高桥保税区南
西安,14号线,西安工大・武德路
深圳,6号线/光明线,楼村
北京,7号线,欢乐谷景区
南京,S8号线(宁天线),化工园
杭州,3号线(石马-星桥),大关
苏州,5号线,茅蓬路东
广州,6号线,横沙
天津,9号线,会展中心
成都,5号线,石犀公园
武汉,6号线,轻工大学
重庆,6号线,龙凤溪
上海,6号线,航津路
西安,14号线,文景山公园
深圳,6号线/光明线,科学公园
北京,7号线,南楼梓庄
南京,S8号线(宁天线),六合开发区
杭州,3号线(石马-星桥),香积寺
苏州,5号线,胥口
广州,6号线,浔峰岗
天津,9号线,太湖路
成都,5号线,皇花园
武汉,6号线,常青花园
重庆,6号线,状元碑
上海,6号线,外高桥保税区北
西安,14号线,西安北站
深圳,6号线/光明线,光明
北京,7号线,化工
南京,S8号线(宁天线),龙池
杭州,3号线(石马-星桥),潮王路
苏州,5号线,津桥
广州,7号线,大学城南
天津,9号线,市民广场
成都,5号线,陆家桥
武汉,6号线,杨汊湖
重庆,6号线,西南大学
上海,6号线,港城路
西安,14号线,渭河南
深圳,6号线/光明线,光明大街
北京,7号线,百子湾
南京,S8号线(宁天线),雄州
杭州,3号线(石马-星桥),西湖文化广场
苏州,5号线,花墩
广州,7号线,板桥
天津,9号线,泰达
成都,5号线,泉水路
武汉,6号线,石桥
重庆,6号线,北碚
上海,7号线,花木路
西安,14号线,秦宫
深圳,6号线/光明线,凤凰城
北京,7号线,大郊亭
南京,S8号线(宁天线),凤凰山公园
杭州,3号线(石马-星桥),武林广场
苏州,5号线,太湖香山
广州,7号线,员岗
天津,9号线,塘沽
成都,5号线,洞子口
武汉,6号线,唐家墩
重庆,6号线支线(国博线),沙河坝
上海,7号线,龙阳路
西安,14号线,秦汉新城
深圳,6号线/光明线,长圳
北京,7号线,九龙山
南京,S8号线(宁天线),方州广场
杭州,3号线(石马-星桥),武林门
广州,7号线,南村万博
天津,9号线,胡家园
成都,5号线,福宁路
武汉,6号线,三眼桥
重庆,6号线支线(国博线),红岩坪
上海,7号线,芳华路
西安,14号线,长陵
深圳,6号线/光明线,上屋
北京,7号线,双井
南京,S8号线(宁天线),沈桥
杭州,3号线(石马-星桥),黄龙洞
广州,7号线,汉溪长隆
天津,9号线,钢管公司
成都,5号线,五块石
武汉,6号线,香港路
重庆,6号线支线(国博线),复兴
上海,7号线,锦绣路
西安,14号线,摆旗寨
深圳,6号线/光明线,官田
北京,7号线,广渠门外
南京,S8号线(宁天线),八百桥
杭州,3号线(石马-星桥),黄龙体育中心
广州,7号线,钟村
天津,9号线,军粮城
成都,5号线,赛云台
武汉,6号线,苗栗路
重庆,6号线支线(国博线),思源
上海,7号线,杨高南路
西安,14号线,艺术中心
深圳,6号线/光明线,阳台山东
北京,7号线,广渠门内
南京,S8号线(宁天线),金牛湖
杭州,3号线(石马-星桥),古荡
广州,7号线,谢村
天津,9号线,小东庄
成都,5号线,北站西二路
武汉,6号线,大智路
重庆,6号线支线(国博线),刘家院子
上海,7号线,高科西路
西安,14号线,空港新城
深圳,6号线/光明线,元芬
北京,7号线,磁器口
南京,S9号线(宁高线),翔宇路南
杭州,3号线(石马-星桥),古荡新村
广州,7号线,石壁
天津,9号线,东丽开发区
成都,5号线,西北桥
武汉,6号线,江汉路
重庆,6号线支线(国博线),清溪河
上海,7号线,云台路
西安,14号线,机场西(T1/T2/T3)
深圳,6号线/光明线,上芬
北京,7号线,桥湾
南京,S9号线(宁高线),铜山
杭州,3号线(石马-星桥),古墩路
广州,7号线,广州南站
天津,9号线,新立
成都,5号线,花牌坊
武汉,6号线,六渡桥
重庆,6号线支线(国博线),王家庄
上海,7号线,耀华路
深圳,6号线/光明线,红山
北京,7号线,珠市口
南京,S9号线(宁高线),石湫
杭州,3号线(石马-星桥),东岳
广州,7号线,大洲
天津,9号线,张贵庄
成都,5号线,抚琴
武汉,6号线,汉正街
重庆,6号线支线(国博线),悦来
上海,7号线,长清路
深圳,6号线/光明线,深圳北站
北京,7号线,虎坊桥
南京,S9号线(宁高线),明觉
杭州,3号线(石马-星桥),花坞
广州,7号线,陈村北
天津,9号线,二号桥
成都,5号线,中医大省医院
武汉,6号线,武胜路
重庆,6号线支线(国博线),国博中心
上海,7号线,后滩
深圳,6号线/光明线,梅林关
北京,7号线,菜市口
南京,S9号线(宁高线),团结圩
杭州,3号线(石马-星桥),西溪湿地南
广州,7号线,陈村
天津,9号线,一号桥
成都,5号线,青羊宫
武汉,6号线,琴台
重庆,6号线支线(国博线),高义口
上海,7号线,龙华中路
深圳,6号线/光明线,翰岭
北京,7号线,广安门内
南京,S9号线(宁高线),高淳
杭州,3号线(石马-星桥),留下
广州,7号线,锦龙
天津,9号线,中山门
成都,5号线,省骨科医院
武汉,6号线,钟家村
重庆,6号线支线(国博线),黄茅坪
上海,7号线,东安路
深圳,6号线/光明线,银湖
北京,7号线,达官营
南京,10号线,安德门
杭州,3号线(石马-星桥),屏峰
广州,7号线,南涌
天津,9号线,东兴路
成都,5号线,高升桥
武汉,6号线,马鹦路
重庆,6号线支线(国博线),欢乐谷
上海,7号线,肇嘉浜路
深圳,6号线/光明线,八卦岭
北京,7号线,湾子
南京,10号线,小行
杭州,3号线(石马-星桥),小和山
广州,7号线,美的
天津,9号线,直沽
成都,5号线,科园
武汉,6号线,建港
重庆,6号线支线(国博线),礼嘉
上海,7号线,常熟路
深圳,6号线/光明线,体育中心
北京,7号线,北京西站
南京,10号线,中胜
杭州,3号线(石马-星桥),石马
广州,7号线,北蚬园
天津,9号线,十一经路
成都,5号线,九兴大道
武汉,6号线,前进村
重庆,9号线,高滩岩
上海,7号线,静安寺
深圳,6号线/光明线,通新岭
北京,8号线,瀛海
南京,10号线,元通
杭州,4号线,浦沿
广州,7号线,美的大道
天津,9号线,大王庄
成都,5号线,神仙树
武汉,6号线,国博中心北
重庆,9号线,天梨路
上海,7号线,昌平路
深圳,6号线/光明线,科学馆
北京,8号线,德茂
南京,10号线,奥体中心
杭州,4号线,杨家墩
广州,8号线,蛐
天津,9号线,天津站
成都,5号线,石羊立交
武汉,6号线,国博中心南
重庆,9号线,沙坪坝
上海,7号线,长寿路
深圳,6号线支线,光明
北京,8号线,五福堂
南京,10号线,梦都大街
杭州,4号线,中医药大学
广州,8号线,亭岗
天津,10号线,屿东城
成都,5号线,市一医院
武汉,6号线,老关村
重庆,9号线,小龙坎
上海,7号线,镇坪路
深圳,6号线支线,圳美
北京,8号线,火箭万源
南京,10号线,绿博园
杭州,4号线,联庄
广州,8号线,石井
天津,10号线,崂山道
成都,5号线,交子大道
武汉,6号线,江城大道
重庆,9号线,土湾
上海,7号线,岚皋路
深圳,6号线支线,中大
北京,8号线,东高地
南京,10号线,江心洲
杭州,4号线,水澄桥
广州,8号线,小坪
天津,10号线,香山道
成都,5号线,锦城大道
武汉,6号线,车城东路
重庆,9号线,红岩村
上海,7号线,新村路
深圳,6号线支线,深理工
北京,8号线,和义
南京,10号线,临江
杭州,4号线,复兴路
广州,8号线,石潭
天津,10号线,万山道
成都,5号线,锦城湖
武汉,6号线,东风公司
重庆,9号线,富华路
上海,7号线,大华三路
深圳,7号线/西丽线,西丽湖
北京,8号线,大红门南
南京,10号线,浦口万汇城
杭州,4号线,南星桥
广州,8号线,聚龙
天津,10号线,沙柳南路
成都,5号线,大源
武汉,7号线,园博园北
重庆,9号线,化龙桥
上海,7号线,行知路
深圳,7号线/西丽线,西丽
北京,8号线,海户屯
南京,10号线,南京工业大学
杭州,4号线,甬江路
广州,8号线,上步
天津,10号线,方山道
成都,5号线,民乐
武汉,7号线,园博园
重庆,9号线,李家坪
上海,7号线,大场镇
深圳,7号线/西丽线,茶光
北京,8号线,木樨园
南京,10号线,龙华路
杭州,4号线,近江
广州,8号线,同德
天津,10号线,金贸产业园
成都,5号线,骑龙
武汉,7号线,常码头
重庆,9号线,蚂蝗梁
上海,7号线,场中路
深圳,7号线/西丽线,珠光
北京,8号线,永定门外
南京,10号线,文德路
杭州,4号线,城星路
广州,8号线,鹅掌坦
天津,10号线,龙涵道
成都,5号线,警官学院
武汉,7号线,武汉商务区
重庆,9号线,观音桥
上海,7号线,上大路
深圳,7号线/西丽线,龙井
北京,8号线,天桥
南京,10号线,雨山路
杭州,4号线,市民中心
广州,8号线,彩虹桥
天津,10号线,环宇道
成都,5号线,二江寺
武汉,7号线,王家墩东
重庆,9号线,鲤鱼池
上海,7号线,南陈路
深圳,7号线/西丽线,桃源村
北京,8号线,珠市口
杭州,4号线,江锦路
广州,8号线,陈家祠
天津,10号线,柳林路
成都,5号线,南湖立交
武汉,7号线,取水楼
重庆,9号线,刘家台
上海,7号线,上海大学
深圳,7号线/西丽线,深云
北京,8号线,前门
杭州,4号线,钱江路
广州,8号线,华林寺
天津,10号线,财经大学
成都,5号线,怡心湖
武汉,7号线,香港路
重庆,9号线,江北城
上海,7号线,祁华路
深圳,7号线/西丽线,安托山
北京,8号线,王府井
杭州,4号线,景芳
广州,8号线,文化公园
天津,10号线,微山路
成都,5号线,龙马路
武汉,7号线,三阳路
重庆,9号线,五里店
上海,7号线,顾村公园
深圳,7号线/西丽线,农林
北京,8号线,金鱼胡同
杭州,4号线,新塘
广州,8号线,同福西
天津,10号线,玛钢厂
成都,5号线,回龙
武汉,7号线,徐家棚
重庆,9号线,溉澜溪
上海,7号线,刘行
深圳,7号线/西丽线,车公庙
北京,8号线,中国美术馆
杭州,4号线,新风
广州,8号线,凤凰新村
天津,10号线,春海路
成都,6号线,望丛祠
武汉,7号线,湖北大学
重庆,9号线,头塘
上海,7号线,潘广路
深圳,7号线/西丽线,上沙
北京,8号线,南锣鼓巷
杭州,4号线,火车东站
广州,8号线,沙园
天津,10号线,南珠桥
成都,6号线,和平街
武汉,7号线,新河街
重庆,9号线,保税港
上海,7号线,罗南新村
深圳,7号线/西丽线,沙尾
北京,8号线,什刹海
杭州,4号线,彭埠
广州,8号线,宝岗大道
天津,10号线,友谊南路
成都,6号线,郫筒
武汉,7号线,螃蟹岬
重庆,9号线,何家梁
上海,7号线,美兰湖
深圳,7号线/西丽线,石厦
北京,8号线,鼓楼大街
杭州,4号线,明石路
广州,8号线,昌岗
天津,10号线,江湾二支路
成都,6号线,蜀新大道
武汉,7号线,小东门
重庆,9号线,石盘河
上海,8号线,沈杜公路
深圳,7号线/西丽线,皇岗村
北京,8号线,安德里北街
杭州,4号线,黎明
广州,8号线,晓港
天津,10号线,丽江道
成都,6号线,檬梓
武汉,7号线,武昌火车站
重庆,9号线,上湾路
上海,8号线,联航路
深圳,7号线/西丽线,福民
北京,8号线,安华桥
杭州,4号线,笕桥老街
广州,8号线,中大
天津,10号线,昌凌路
成都,6号线,尚锦路
武汉,7号线,瑞安街
重庆,9号线,青岗坪
上海,8号线,江月路
深圳,7号线/西丽线,皇岗口岸
北京,8号线,北土城
杭州,4号线,华中南路
广州,8号线,鹭江
天津,10号线,瑶环路
成都,6号线,红高路
武汉,7号线,建安街
重庆,9号线,宝圣湖
上海,8号线,浦江镇
深圳,7号线/西丽线,赤尾
北京,8号线,奥体中心
杭州,4号线,新天地街
广州,8号线,客村
天津,10号线,于台
成都,6号线,天宇路
武汉,7号线,湖工大
重庆,9号线,兴科大道
上海,8号线,芦恒路
深圳,7号线/西丽线,华强南
北京,8号线,奥林匹克公园
杭州,4号线,皋亭坝
广州,8号线,赤岗
成都,6号线,犀浦
武汉,7号线,板桥
重庆,10号线,鲤鱼池
上海,8号线,凌兆新村
深圳,7号线/西丽线,华强北
北京,8号线,森林公园南门
杭州,4号线,桃源街
广州,8号线,磨碟沙
成都,6号线,兴业北街
武汉,7号线,野芷湖
重庆,10号线,红土地
上海,8号线,东方体育中心
深圳,7号线/西丽线,华新
北京,8号线,林萃桥
杭州,4号线,吴家角港
广州,8号线,新港东
成都,6号线,梓潼宫
武汉,7号线,新路村
重庆,10号线,龙头寺公园
上海,8号线,杨思
深圳,7号线/西丽线,黄木岗
北京,8号线,永泰庄
杭州,4号线,独城生态公园
广州,8号线,琶洲
成都,6号线,侯家桥
武汉,7号线,大花岭
重庆,10号线,重庆北站南广场
上海,8号线,成山路
深圳,7号线/西丽线,八卦岭
北京,8号线,西小口
杭州,4号线,平安桥
广州,8号线,万胜围
成都,6号线,兴盛
武汉,7号线,江夏客厅
重庆,10号线,重庆北站北广场
上海,8号线,耀华路
深圳,7号线/西丽线,红岭北
北京,8号线,育新
杭州,4号线,储运路
广州,9号线,高增
成都,6号线,青杠
武汉,7号线,谭鑫培公园
重庆,10号线,民心佳园
上海,8号线,中华艺术宫
深圳,7号线/西丽线,笋岗
北京,8号线,霍营
杭州,4号线,杭行路
广州,9号线,清塘
成都,6号线,西华大道
武汉,7号线,北华街
重庆,10号线,三亚湾
上海,8号线,西藏南路
深圳,7号线/西丽线,洪湖
北京,8号线,回龙观东大街
杭州,4号线,好运街
广州,9号线,清布
成都,6号线,金府
武汉,7号线,纸坊大街
重庆,10号线,上湾路
上海,8号线,陆家浜路
深圳,7号线/西丽线,田贝
北京,8号线,平西府
杭州,4号线,金家渡
广州,9号线,莲塘
成都,6号线,星河
武汉,7号线,青龙山地铁小镇
重庆,10号线,环山公园
上海,8号线,老西门
深圳,7号线/西丽线,太安
北京,8号线,育知路
杭州,4号线,池华街
广州,9号线,马鞍山公园
成都,6号线,西南交大
武汉,8号线,金潭路
重庆,10号线,长河
上海,8号线,大世界
深圳,9号线/梅林线,前湾
北京,8号线,朱辛庄
杭州,5号线,金星
广州,9号线,花都广场
成都,6号线,沙湾
武汉,8号线,宏图大道
重庆,10号线,江北机场T3航站楼
上海,8号线,人民广场
深圳,9号线/梅林线,梦海
北京,9号线,郭公庄
杭州,5号线,绿汀路
广州,9号线,花果山公园
成都,6号线,西北桥
武汉,8号线,塔子湖
重庆,10号线,江北机场T2航站楼
上海,8号线,曲阜路
深圳,9号线/梅林线,怡海
北京,9号线,丰台科技园
杭州,5号线,绿汀路
广州,9号线,花城路
成都,6号线,人民北路
武汉,8号线,中一路
重庆,10号线,渝北广场
上海,8号线,中兴路
深圳,9号线/梅林线,荔林
北京,9号线,科怡路
杭州,5号线,葛巷
广州,9号线,广州北站
成都,6号线,梁家巷
武汉,8号线,竹叶山
重庆,10号线,鹿山
上海,8号线,西藏北路
深圳,9号线/梅林线,南油西
北京,9号线,丰台南路
杭州,5号线,创景路
广州,9号线,花都汽车城
成都,6号线,前锋路
武汉,8号线,赵家条
重庆,10号线,中央公园东
上海,8号线,虹口足球场
深圳,9号线/梅林线,南油
北京,9号线,丰台东大街
杭州,5号线,良睦路
广州,9号线,飞鹅岭
成都,6号线,建设北路
武汉,8号线,黄浦路
重庆,10号线,中央公园
上海,8号线,曲阳路
深圳,9号线/梅林线,南山书城
北京,9号线,七里庄
杭州,5号线,杭师大仓前
广州,13号线,鱼珠
成都,6号线,新鸿路
武汉,8号线,徐家棚
重庆,10号线,中央公园西
上海,8号线,四平路
深圳,9号线/梅林线,深大南
北京,9号线,六里桥
杭州,5号线,永福
广州,13号线,裕丰围
成都,6号线,玉双路
武汉,8号线,徐东
重庆,10号线,悦来
上海,8号线,鞍山新村
深圳,9号线/梅林线,粤海门
北京,9号线,六里桥东
杭州,5号线,五常
广州,13号线,双岗
成都,6号线,牛王庙
武汉,8号线,汪家墩
重庆,10号线,王家庄
上海,8号线,江浦路
深圳,9号线/梅林线,高新南
北京,9号线,北京西站
杭州,5号线,蒋村
广州,13号线,南海神庙
成都,6号线,顺江路
武汉,8号线,岳家嘴
重庆,环线,重庆图书馆
上海,8号线,黄兴路
深圳,9号线/梅林线,红树湾南
北京,9号线,军事博物馆
杭州,5号线,浙大紫金港
广州,13号线,夏园
成都,6号线,三官堂
武汉,8号线,梨园
重庆,环线,天星桥
上海,8号线,延吉中路
深圳,9号线/梅林线,深湾
北京,9号线,白堆子
杭州,5号线,三坝
广州,13号线,南岗
成都,6号线,东光
武汉,8号线,省博湖北日报
重庆,环线,沙坪坝
上海,8号线,黄兴公园
深圳,9号线/梅林线,深圳湾公园
北京,9号线,白石桥南
杭州,5号线,萍水街
广州,13号线,沙村
成都,6号线,琉璃场
武汉,8号线,中南医院
重庆,环线,重庆大学
上海,8号线,翔殷路
深圳,9号线/梅林线,下沙
北京,9号线,国家图书馆
杭州,5号线,和睦
广州,13号线,白江
成都,6号线,琉三路
武汉,8号线,水果湖
重庆,环线,玉带山
上海,8号线,嫩江路
深圳,9号线/梅林线,车公庙
北京,10号线,巴沟
杭州,5号线,大运河
广州,13号线,新塘
成都,6号线,金石路
武汉,8号线,洪山路
重庆,环线,南桥寺
上海,8号线,市光路
深圳,9号线/梅林线,香梅
北京,10号线,苏州街
杭州,5号线,拱宸桥东
广州,13号线,官湖
成都,6号线,金融城东
武汉,8号线,小洪山
重庆,环线,体育公园
上海,9号线,曹路
深圳,9号线/梅林线,景田
北京,10号线,海淀黄庄
杭州,5号线,善贤
广州,13号线,新沙
成都,6号线,中和
武汉,8号线,街道口
重庆,环线,冉家坝
上海,9号线,民雷路
深圳,9号线/梅林线,梅景
北京,10号线,知春里
杭州,5号线,西文街
广州,14号线,嘉禾望岗
成都,6号线,张家寺
武汉,8号线,马房山
重庆,环线,动步公园
上海,9号线,顾唐路
深圳,9号线/梅林线,下梅林
北京,10号线,知春路
杭州,5号线,东新园
广州,14号线,白云东平
成都,6号线,陆肖
武汉,8号线,文治街
重庆,环线,洪湖东路
上海,9号线,金海路
深圳,9号线/梅林线,梅村
北京,10号线,西土城
杭州,5号线,杭氧
广州,14号线,夏良
成都,6号线,观东
武汉,8号线,文昌路
重庆,环线,民安大道
上海,9号线,金吉路
深圳,9号线/梅林线,上梅林
北京,10号线,牡丹园
杭州,5号线,打铁关
广州,14号线,太和
成都,6号线,新通大道
武汉,8号线,省农科院
重庆,环线,重庆北站南广场
上海,9号线,金桥
深圳,9号线/梅林线,I岭
北京,10号线,健德门
杭州,5号线,宝善桥
广州,14号线,竹料
成都,6号线,新川路
武汉,8号线,马湖
重庆,环线,渝鲁
上海,9号线,台儿庄路
深圳,9号线/梅林线,银湖
北京,10号线,北土城
杭州,5号线,建国北路
广州,14号线,钟落潭
成都,6号线,龙灯山
武汉,8号线,野芷湖
重庆,环线,五里店
上海,9号线,蓝天路
深圳,9号线/梅林线,泥岗
北京,10号线,安贞门
杭州,5号线,万安桥
广州,14号线,马沥
成都,6号线,蒲草塘
武汉,8号线,黄家湖地铁小镇
重庆,环线,弹子石
上海,9号线,芳甸路
深圳,9号线/梅林线,红岭北
北京,10号线,惠新西街南口
杭州,5号线,城站
广州,14号线,新和
成都,6号线,万安
武汉,8号线,军运村
重庆,环线,涂山
上海,9号线,杨高中路
深圳,9号线/梅林线,园岭
北京,10号线,芍药居
杭州,5号线,江城路
广州,14号线,太平
成都,6号线,麓山大道
武汉,8号线三期,野芷湖
重庆,环线,仁济
上海,9号线,世纪大道
深圳,9号线/梅林线,红岭
北京,10号线,太阳宫
杭州,5号线,候潮门
广州,14号线,神岗
成都,6号线,沈阳路
武汉,8号线三期,黄家湖地铁小镇
重庆,环线,上新街
上海,9号线,商城路
深圳,9号线/梅林线,红岭南
北京,10号线,三元桥
杭州,5号线,南星桥
广州,14号线,赤草
成都,6号线,青岛路
武汉,8号线三期,军运村
重庆,环线,海棠溪
上海,9号线,小南门
深圳,9号线/梅林线,鹿丹村
北京,10号线,亮马桥
杭州,5号线,长河
广州,14号线,从化客运站
成都,6号线,昌公堰
武汉,11号线,武汉东站
重庆,环线,罗家坝
上海,9号线,陆家浜路
深圳,9号线/梅林线,人民南
北京,10号线,农业展览馆
杭州,5号线,聚才路
广州,14号线,东风
成都,6号线,杭州路
武汉,11号线,湖口
重庆,环线,四公里
上海,9号线,马当路
深圳,9号线/梅林线,向西村
北京,10号线,团结湖
杭州,5号线,江晖路
广州,14号线支线(知识城线),新和
成都,6号线,天府商务区
武汉,11号线,光谷同济医院
重庆,环线,南湖
上海,9号线,打浦桥
深圳,9号线/梅林线,文锦
北京,10号线,呼家楼
杭州,5号线,滨康路
广州,14号线支线(知识城线),红卫
成都,6号线,西博城
武汉,11号线,光谷生物园
重庆,环线,海峡路
上海,9号线,嘉善路
深圳,10号线/坂田线,双拥街
北京,10号线,金台夕照
杭州,5号线,博奥路
广州,14号线支线(知识城线),新南
成都,6号线,秦皇寺
武汉,11号线,光谷四路
重庆,环线,谢家湾
上海,9号线,肇嘉浜路
深圳,10号线/坂田线,平湖
北京,10号线,国贸
杭州,5号线,金鸡路
广州,14号线支线(知识城线),枫下
成都,6号线,松林
武汉,11号线,光谷五路
重庆,环线,奥体中心
上海,9号线,徐家汇
深圳,10号线/坂田线,禾花
北京,10号线,双井
杭州,5号线,人民广场
广州,14号线支线(知识城线),知识城
成都,6号线,芦角
武汉,11号线,光谷六路
重庆,环线,陈家坪
上海,9号线,宜山路
深圳,10号线/坂田线,华南城
北京,10号线,劲松
杭州,5号线,育才北路
广州,14号线支线(知识城线),何棠下
成都,6号线,钓鱼嘴
武汉,11号线,豹
重庆,环线,彩云湖
上海,9号线,桂林路
深圳,10号线/坂田线,木古
北京,10号线,潘家园
杭州,5号线,通惠中路
广州,14号线支线(知识城线),旺村
成都,6号线,回龙
武汉,11号线,光谷七路
重庆,环线,二郎
上海,9号线,漕河泾开发区
深圳,10号线/坂田线,上李朗
北京,10号线,十里河
杭州,5号线,火车南站
广州,14号线支线(知识城线),汤村
成都,6号线,兰家沟
武汉,11号线,长岭山
重庆,环线,华龙
上海,9号线,合川路
深圳,10号线/坂田线,凉帽山
北京,10号线,分钟寺
杭州,5号线,双桥
广州,14号线支线(知识城线),镇龙北
成都,7号线,火车北站
武汉,11号线,未来一路
重庆,环线,重庆西站
上海,9号线,星中路
深圳,10号线/坂田线,甘坑
北京,10号线,成寿寺
杭州,5号线,姑娘桥
广州,14号线支线(知识城线),镇龙
成都,7号线,北站西二路
武汉,11号线,未来三路
重庆,环线,上桥
上海,9号线,七宝
深圳,10号线/坂田线,雪象
北京,10号线,宋家庄
杭州,6号线(桂花西路-枸桔弄),枸桔弄
广州,18号线,冼村
成都,7号线,九里堤
武汉,11号线,左岭
重庆,环线,凤鸣山
上海,9号线,中春路
深圳,10号线/坂田线,岗头
北京,10号线,石榴庄
杭州,6号线(桂花西路-枸桔弄),火车东站(东广场)
广州,18号线,磨碟沙
成都,7号线,西南交大
武汉,11号线,葛店南站
重庆,江跳线,跳磴
上海,9号线,九亭
深圳,10号线/坂田线,华为
北京,10号线,大红门
杭州,6号线(桂花西路-枸桔弄),元宝塘
广州,18号线,龙潭
成都,7号线,花照壁
武汉,16号线,国博中心南
重庆,江跳线,石林寺
上海,9号线,泗泾
深圳,10号线/坂田线,贝尔路
北京,10号线,角门东
杭州,6号线(桂花西路-枸桔弄),昙花庵路
广州,18号线,沙溪
成都,7号线,茶店子
武汉,16号线,老关村
重庆,江跳线,九龙园
上海,9号线,佘山
深圳,10号线/坂田线,坂田北
北京,10号线,角门西
杭州,6号线(桂花西路-枸桔弄),三堡
广州,18号线,南村万博
成都,7号线,一品天下
武汉,16号线,南太子湖
重庆,江跳线,双福
上海,9号线,洞泾
深圳,10号线/坂田线,五和
北京,10号线,草桥
杭州,6号线(桂花西路-枸桔弄),亚运村
广州,18号线,番禺广场
成都,7号线,金沙博物馆
武汉,16号线,沌口
重庆,江跳线,享堂
上海,9号线,松江大学城
深圳,10号线/坂田线,光雅园
北京,10号线,纪家庙
杭州,6号线(桂花西路-枸桔弄),丰北
广州,18号线,横沥
成都,7号线,文化宫
武汉,16号线,小军山
重庆,江跳线,江津高铁
上海,9号线,松江新城
深圳,10号线/坂田线,南坑
北京,10号线,首经贸
杭州,6号线(桂花西路-枸桔弄),钱江世纪城
广州,18号线,万顷沙
成都,7号线,东坡路
武汉,16号线,枫林
重庆,江跳线,圣泉寺
上海,9号线,松江体育中心
深圳,10号线/坂田线,雅宝
北京,10号线,丰台站
杭州,6号线(桂花西路-枸桔弄),博览中心
广州,21号线,员村
成都,7号线,龙爪堰
武汉,16号线,大军山
上海,9号线,醉白池
深圳,10号线/坂田线,I岭
北京,10号线,泥洼
杭州,6号线(桂花西路-枸桔弄),奥体中心
广州,21号线,天河公园
成都,7号线,武侯大道
武汉,16号线,桂子湖
上海,9号线,松江南站
深圳,10号线/坂田线,冬瓜岭
北京,10号线,西局
杭州,6号线(桂花西路-枸桔弄),星民
广州,21号线,棠东
成都,7号线,太平园
武汉,16号线,马影河
上海,10号线(航中路-基隆路),基隆路
深圳,10号线/坂田线,莲花村
北京,10号线,六里桥
杭州,6号线(桂花西路-枸桔弄),江陵路
广州,21号线,黄村
成都,7号线,高朋大道
武汉,16号线,协子河
上海,10号线(航中路-基隆路),港城路
深圳,10号线/坂田线,岗厦北
北京,10号线,莲花桥
杭州,6号线(桂花西路-枸桔弄),江汉路
广州,21号线,大观南路
成都,7号线,神仙树
武汉,16号线,湾湖
上海,10号线(航中路-基隆路),高桥
深圳,10号线/坂田线,岗厦
北京,10号线,公主坟
杭州,6号线(桂花西路-枸桔弄),长河
广州,21号线,天河智慧城
成都,7号线,火车南站
武汉,16号线,周家河
上海,10号线(航中路-基隆路),高桥西
深圳,10号线/坂田线,福民
北京,10号线,西钓鱼台
杭州,6号线(桂花西路-枸桔弄),建业路
广州,21号线,神舟路
成都,7号线,三瓦窑
武汉,21号线(阳逻线),后湖大道
上海,10号线(航中路-基隆路),双江路
深圳,10号线/坂田线,福田口岸
北京,10号线,慈寿寺
杭州,6号线(桂花西路-枸桔弄),诚业路
广州,21号线,科学城
成都,7号线,琉璃场
武汉,21号线(阳逻线),百步亭花园路
上海,10号线(航中路-基隆路),国帆路
深圳,11号线/机场线,碧头
北京,10号线,车道沟
杭州,6号线(桂花西路-枸桔弄),伟业路
广州,21号线,苏元
成都,7号线,四川师大
武汉,21号线(阳逻线),新荣客运站
上海,10号线(航中路-基隆路),新江湾城
深圳,11号线/机场线,松岗
北京,10号线,长春桥
杭州,6号线(桂花西路-枸桔弄),中医药大学
广州,21号线,水西
成都,7号线,狮子山
武汉,21号线(阳逻线),幸福湾
上海,10号线(航中路-基隆路),殷高东路
深圳,11号线/机场线,后亭
北京,10号线,火器营
杭州,6号线(桂花西路-枸桔弄),西浦路
广州,21号线,长平
成都,7号线,大观
武汉,21号线(阳逻线),朱家河
上海,10号线(航中路-基隆路),三门路
深圳,11号线/机场线,沙井
北京,11号线,金安桥
杭州,6号线(桂花西路-枸桔弄),之浦路
广州,21号线,金坑
成都,7号线,成都东客站
武汉,21号线(阳逻线),谌家矶
上海,10号线(航中路-基隆路),江湾体育场
深圳,11号线/机场线,马安山
北京,11号线,北辛安
杭州,6号线(桂花西路-枸桔弄),枫桦西路
广州,21号线,镇龙西
成都,7号线,迎晖路
武汉,21号线(阳逻线),青龙
上海,10号线(航中路-基隆路),五角场
深圳,11号线/机场线,塘尾
北京,11号线,新首钢
杭州,6号线(桂花西路-枸桔弄),美院象山
广州,21号线,镇龙
成都,7号线,槐树店
武汉,21号线(阳逻线),高车
上海,10号线(航中路-基隆路),国权路
深圳,11号线/机场线,桥头
北京,13号线,西直门
杭州,6号线(桂花西路-枸桔弄),音乐学院
广州,21号线,中新
成都,7号线,双店路
武汉,21号线(阳逻线),武湖
上海,10号线(航中路-基隆路),同济大学
深圳,11号线/机场线,福永
北京,13号线,大钟寺
杭州,6号线(桂花西路-枸桔弄),中村
广州,21号线,坑贝
成都,7号线,崔家店
武汉,21号线(阳逻线),沙口
上海,10号线(航中路-基隆路),四平路
深圳,11号线/机场线,机场北
北京,13号线,知春路
杭州,6号线(桂花西路-枸桔弄),野生动物园东
广州,21号线,凤岗
成都,7号线,理工大学
武汉,21号线(阳逻线),军民村
上海,10号线(航中路-基隆路),邮电新村
深圳,11号线/机场线,机场
北京,13号线,五道口
杭州,6号线(桂花西路-枸桔弄),银湖
广州,21号线,朱村
成都,7号线,二仙桥
武汉,21号线(阳逻线),武生院
上海,10号线(航中路-基隆路),海伦路
深圳,11号线/机场线,碧海湾
北京,13号线,上地
杭州,6号线(桂花西路-枸桔弄),虎啸杏
广州,21号线,山田
成都,7号线,八里庄
武汉,21号线(阳逻线),阳逻
上海,10号线(航中路-基隆路),四川北路
深圳,11号线/机场线,宝安
北京,13号线,清河站
杭州,6号线(桂花西路-枸桔弄),受降
广州,21号线,钟岗
成都,7号线,府青路
武汉,21号线(阳逻线),阳逻开发区
上海,10号线(航中路-基隆路),天潼路
深圳,11号线/机场线,前海湾
北京,13号线,西二旗
杭州,6号线(桂花西路-枸桔弄),富阳客运中心
广州,21号线,增城广场
成都,7号线,驷马桥
武汉,21号线(阳逻线),施岗
上海,10号线(航中路-基隆路),南京东路
深圳,11号线/机场线,南山
北京,13号线,龙泽
杭州,6号线(桂花西路-枸桔弄),高桥
广州,22号线,陈头岗
成都,8号线,十里店
武汉,21号线(阳逻线),金台
上海,10号线(航中路-基隆路),豫园
深圳,11号线/机场线,后海
北京,13号线,回龙观
杭州,6号线(桂花西路-枸桔弄),阳陂湖
广州,22号线,广州南站
成都,8号线,理工大学
上海,10号线(航中路-基隆路),老西门
深圳,11号线/机场线,红树湾南
北京,13号线,霍营
杭州,6号线(桂花西路-枸桔弄),公望街
广州,22号线,市广路
成都,8号线,东郊记忆
上海,10号线(航中路-基隆路),一大会址・新天地
深圳,11号线/机场线,车公庙
北京,13号线,立水桥
杭州,6号线(桂花西路-枸桔弄),桂花西路
广州,22号线,番禺广场
成都,8号线,杉板桥
上海,10号线(航中路-基隆路),陕西南路
深圳,11号线/机场线,福田
北京,13号线,北苑
杭州,6号线(双浦-枸桔弄),枸桔弄
广州,APM线,广州塔
成都,8号线,万年路
上海,10号线(航中路-基隆路),上海图书馆
深圳,11号线/机场线,岗厦北
北京,13号线,望京西
杭州,6号线(双浦-枸桔弄),火车东站(东广场)
广州,APM线,海心沙
成都,8号线,双桥路
上海,10号线(航中路-基隆路),交通大学
深圳,12号线/南宝线,海上田园东
北京,13号线,芍药居
杭州,6号线(双浦-枸桔弄),元宝塘
广州,APM线,大剧院
成都,8号线,东大路
上海,10号线(航中路-基隆路),虹桥路
深圳,12号线/南宝线,海上田园南
北京,13号线,光熙门
杭州,6号线(双浦-枸桔弄),昙花庵路
广州,APM线,花城大道
成都,8号线,净居寺
上海,10号线(航中路-基隆路),宋园路
深圳,12号线/南宝线,国展北
北京,13号线,柳芳
杭州,6号线(双浦-枸桔弄),三堡
广州,APM线,妇儿中心
成都,8号线,东光
上海,10号线(航中路-基隆路),伊犁路
深圳,12号线/南宝线,国展
北京,13号线,东直门
杭州,6号线(双浦-枸桔弄),亚运村
广州,APM线,黄埔大道
成都,8号线,东湖公园
上海,10号线(航中路-基隆路),水城路
深圳,12号线/南宝线,福海西
北京,14号线,善各庄
杭州,6号线(双浦-枸桔弄),丰北
广州,APM线,天河南
成都,8号线,川大望江校区
上海,10号线(航中路-基隆路),龙溪路
深圳,12号线/南宝线,桥头西
北京,14号线,来广营
杭州,6号线(双浦-枸桔弄),钱江世纪城
广州,APM线,体育中心南
成都,8号线,倪家桥
上海,10号线(航中路-基隆路),龙柏新村
深圳,12号线/南宝线,福永
北京,14号线,东湖渠
杭州,6号线(双浦-枸桔弄),博览中心
广州,APM线,林和西
成都,8号线,芳草街
上海,10号线(航中路-基隆路),紫藤路
深圳,12号线/南宝线,怀德
北京,14号线,望京
杭州,6号线(双浦-枸桔弄),奥体中心
广州,广佛线,沥
成都,8号线,永丰
上海,10号线(航中路-基隆路),航中路
深圳,12号线/南宝线,福围
北京,14号线,阜通
杭州,6号线(双浦-枸桔弄),星民
广州,广佛线,南洲
成都,8号线,九兴大道
上海,10号线(虹桥火车站-基隆路),基隆路
深圳,12号线/南宝线,机场东
北京,14号线,望京南
杭州,6号线(双浦-枸桔弄),江陵路
广州,广佛线,石溪
成都,8号线,高朋大道
上海,10号线(虹桥火车站-基隆路),港城路
深圳,12号线/南宝线,兴围
北京,14号线,将台
杭州,6号线(双浦-枸桔弄),江汉路
广州,广佛线,燕岗
成都,8号线,殷家林
上海,10号线(虹桥火车站-基隆路),高桥
深圳,12号线/南宝线,黄田
北京,14号线,东风北桥
杭州,6号线(双浦-枸桔弄),长河
广州,广佛线,沙园
成都,8号线,庆安
上海,10号线(虹桥火车站-基隆路),高桥西
深圳,12号线/南宝线,钟屋南
北京,14号线,枣营
杭州,6号线(双浦-枸桔弄),建业路
广州,广佛线,沙涌
成都,8号线,石羊
上海,10号线(虹桥火车站-基隆路),双江路
深圳,12号线/南宝线,西乡桃源
北京,14号线,朝阳公园
杭州,6号线(双浦-枸桔弄),诚业路
广州,广佛线,鹤洞
成都,8号线,三元
上海,10号线(虹桥火车站-基隆路),国帆路
深圳,12号线/南宝线,平峦山
北京,14号线,金台路
杭州,6号线(双浦-枸桔弄),伟业路
广州,广佛线,西i
成都,8号线,顺风
上海,10号线(虹桥火车站-基隆路),新江湾城
深圳,12号线/南宝线,宝田一路
北京,14号线,大望路
杭州,6号线(双浦-枸桔弄),中医药大学
广州,广佛线,菊树
成都,8号线,珠江路
上海,10号线(虹桥火车站-基隆路),殷高东路
深圳,12号线/南宝线,宝安客运站
北京,14号线,九龙山
杭州,6号线(双浦-枸桔弄),西浦路
广州,广佛线,龙溪
成都,8号线,川大江安校区
上海,10号线(虹桥火车站-基隆路),三门路
深圳,12号线/南宝线,流塘
北京,14号线,平乐园
杭州,6号线(双浦-枸桔弄),之浦路
广州,广佛线,金融高新区
成都,8号线,文星
上海,10号线(虹桥火车站-基隆路),江湾体育场
深圳,12号线/南宝线,上川
北京,14号线,北工大西门
杭州,6号线(双浦-枸桔弄),枫桦西路
广州,广佛线,千灯湖
成都,8号线,莲花
上海,10号线(虹桥火车站-基隆路),五角场
深圳,12号线/南宝线,灵芝
北京,14号线,十里河
杭州,6号线(双浦-枸桔弄),美院象山
广州,广佛线,岗
成都,9号线,黄田坝
上海,10号线(虹桥火车站-基隆路),国权路
深圳,12号线/南宝线,新安公园
北京,14号线,方庄
杭州,6号线(双浦-枸桔弄),霞鸣街
广州,广佛线,南桂路
成都,9号线,成都西站
上海,10号线(虹桥火车站-基隆路),同济大学
深圳,12号线/南宝线,同乐南
北京,14号线,蒲黄榆
杭州,6号线(双浦-枸桔弄),科海路
广州,广佛线,桂城
成都,9号线,培风
上海,10号线(虹桥火车站-基隆路),四平路
深圳,12号线/南宝线,中山公园
北京,14号线,景泰
杭州,6号线(双浦-枸桔弄),双浦
广州,广佛线,朝安
成都,9号线,机投桥
上海,10号线(虹桥火车站-基隆路),邮电新村
深圳,12号线/南宝线,南头古城
北京,14号线,永定门外
杭州,7号线,江东二路
广州,广佛线,普君北路
成都,9号线,武青南路
上海,10号线(虹桥火车站-基隆路),海伦路
深圳,12号线/南宝线,桃园
北京,14号线,北京南站
杭州,7号线,启成路
广州,广佛线,祖庙
成都,9号线,簇桥
上海,10号线(虹桥火车站-基隆路),四川北路
深圳,12号线/南宝线,南山
北京,14号线,景风门
杭州,7号线,青六中路
广州,广佛线,同济路
成都,9号线,华兴
上海,10号线(虹桥火车站-基隆路),天潼路
深圳,12号线/南宝线,南光
北京,14号线,西铁营
杭州,7号线,塘新线
广州,广佛线,季华园
成都,9号线,太平寺
上海,10号线(虹桥火车站-基隆路),南京东路
深圳,12号线/南宝线,南油
北京,14号线,菜户营
杭州,7号线,义蓬
广州,广佛线,魁奇路
成都,9号线,三元
上海,10号线(虹桥火车站-基隆路),豫园
深圳,12号线/南宝线,四海
北京,14号线,丽泽商务区
杭州,7号线,新镇路
广州,广佛线,澜石
成都,9号线,锦城大道
上海,10号线(虹桥火车站-基隆路),老西门
深圳,12号线/南宝线,花果山
北京,14号线,东管头
杭州,7号线,永盛路
广州,广佛线,世纪莲
成都,9号线,孵化园
上海,10号线(虹桥火车站-基隆路),一大会址・新天地
深圳,12号线/南宝线,海上世界
北京,14号线,西局
杭州,7号线,萧山国际机场
广州,广佛线,东平
成都,9号线,心岛
上海,10号线(虹桥火车站-基隆路),陕西南路
深圳,12号线/南宝线,太子湾
北京,14号线,七里庄
杭州,7号线,新港
广州,广佛线,新城东
成都,9号线,金融城东
上海,10号线(虹桥火车站-基隆路),上海图书馆
深圳,12号线/南宝线,左炮台东
北京,14号线,大井
杭州,7号线,坎山
成都,10号线,太平园
上海,10号线(虹桥火车站-基隆路),交通大学
深圳,14号线/东部快线,岗厦北
北京,14号线,郭庄子
杭州,7号线,盈中
成都,10号线,簇锦
上海,10号线(虹桥火车站-基隆路),虹桥路
深圳,14号线/东部快线,黄木岗
北京,14号线,大瓦窑
杭州,7号线,合欢路
成都,10号线,华兴
上海,10号线(虹桥火车站-基隆路),宋园路
深圳,14号线/东部快线,罗湖北
北京,14号线,园博园
杭州,7号线,新街
成都,10号线,金花
上海,10号线(虹桥火车站-基隆路),伊犁路
深圳,14号线/东部快线,布吉
北京,14号线,张郭庄
杭州,7号线,新汉路
成都,10号线,双流机场1航站楼
上海,10号线(虹桥火车站-基隆路),水城路
深圳,14号线/东部快线,石芽岭
北京,15号线,俸伯
杭州,7号线,新兴路
成都,10号线,双流机场2航站楼
上海,10号线(虹桥火车站-基隆路),龙溪路
深圳,14号线/东部快线,六约北
北京,15号线,顺义
杭州,7号线,建设三路
成都,10号线,双流西站
上海,10号线(虹桥火车站-基隆路),上海动物园
深圳,14号线/东部快线,四联
北京,15号线,石门
杭州,7号线,明星路
成都,10号线,应天寺
上海,10号线(虹桥火车站-基隆路),虹桥1号航站楼
深圳,14号线/东部快线,坳背
北京,15号线,南法信
杭州,7号线,兴议
成都,10号线,黄水
上海,10号线(虹桥火车站-基隆路),虹桥2号航站楼
深圳,14号线/东部快线,大运
北京,15号线,后沙峪
杭州,7号线,奥体中心
成都,10号线,花源
上海,10号线(虹桥火车站-基隆路),虹桥火车站
深圳,14号线/东部快线,嶂背
北京,15号线,花梨坎
杭州,7号线,市民中心
成都,10号线,新津站
上海,11号线(嘉定北-迪士尼),嘉定北
深圳,14号线/东部快线,南约
北京,15号线,国展
杭州,7号线,观音塘
成都,10号线,花桥
上海,11号线(嘉定北-迪士尼),嘉定西
深圳,14号线/东部快线,宝龙
北京,15号线,孙河
杭州,7号线,莫邪塘
成都,10号线,五津
上海,11号线(嘉定北-迪士尼),白银路
深圳,14号线/东部快线,锦龙
北京,15号线,马泉营
杭州,7号线,江城路
成都,10号线,儒林路
上海,11号线(嘉定北-迪士尼),嘉定新城
深圳,14号线/东部快线,坪山围
北京,15号线,崔各庄
杭州,7号线,吴山广场
成都,10号线,刘家碾
上海,11号线(嘉定北-迪士尼),马陆
深圳,14号线/东部快线,坪山广场
北京,15号线,望京东
杭州,8号线,文海南路
成都,10号线,新平
上海,11号线(嘉定北-迪士尼),陈翔公路
深圳,14号线/东部快线,坪山中心
北京,15号线,望京
杭州,8号线,工商大学云滨
成都,17号线,金星
上海,11号线(嘉定北-迪士尼),南翔
深圳,14号线/东部快线,坑梓
北京,15号线,望京西
杭州,8号线,桥头堡
成都,17号线,黄石
上海,11号线(嘉定北-迪士尼),桃浦新村
深圳,14号线/东部快线,沙田
北京,15号线,关庄
杭州,8号线,河庄路
成都,17号线,市五医院
上海,11号线(嘉定北-迪士尼),武威路
深圳,20号线,机场北
北京,15号线,大屯路东
杭州,8号线,青西三路
成都,17号线,凤溪河
上海,11号线(嘉定北-迪士尼),祁连山路
深圳,20号线,国展南
北京,15号线,安立路
杭州,8号线,青六中路
成都,17号线,温泉大道
上海,11号线(嘉定北-迪士尼),李子园
深圳,20号线,国展
杭州,8号线,仓北村
北京,15号线,奥林匹克公园
成都,17号线,明光
上海,11号线(嘉定北-迪士尼),上海西站
深圳,20号线,国展北
杭州,8号线,冯娄村
北京,15号线,北沙滩
成都,17号线,九江北
上海,11号线(嘉定北-迪士尼),真如
深圳,20号线,会展城
杭州,8号线,新湾路
北京,15号线,六道口
成都,17号线,白佛桥
上海,11号线(嘉定北-迪士尼),枫桥路
杭州,9号线,龙安
北京,15号线,清华东路西口
成都,17号线,机投桥
上海,11号线(嘉定北-迪士尼),曹杨路
杭州,9号线,五洲路
北京,16号线,北安河
成都,18号线,火车南站
上海,11号线(嘉定北-迪士尼),隆德路
杭州,9号线,荷禹路
北京,16号线,温阳路
成都,18号线,孵化园
上海,11号线(嘉定北-迪士尼),江苏路
杭州,9号线,邱山大街
北京,16号线,稻香湖路
成都,18号线,锦城广场东
上海,11号线(嘉定北-迪士尼),交通大学
杭州,9号线,临平
北京,16号线,屯佃
成都,18号线,世纪城
上海,11号线(嘉定北-迪士尼),徐家汇
杭州,9号线,南苑
北京,16号线,永丰
成都,18号线,海昌路
上海,11号线(嘉定北-迪士尼),上海游泳馆
杭州,9号线,临平南高铁站
北京,16号线,永丰南
成都,18号线,西博城
上海,11号线(嘉定北-迪士尼),龙华
杭州,9号线,翁梅
北京,16号线,西北旺
成都,18号线,兴隆
上海,11号线(嘉定北-迪士尼),云锦路
杭州,9号线,乔司
北京,16号线,马连洼
成都,18号线,三岔
上海,11号线(嘉定北-迪士尼),龙耀路
杭州,9号线,乔司南
北京,16号线,农大南路
成都,18号线,天府机场1号2号航站楼
上海,11号线(嘉定北-迪士尼),东方体育中心
杭州,9号线,客运中心
北京,16号线,西苑
成都,18号线,天府机场北
上海,11号线(嘉定北-迪士尼),三林
杭州,9号线,九睦路
北京,16号线,万泉河桥
上海,11号线(嘉定北-迪士尼),三林东
杭州,9号线,红普南路
北京,16号线,苏州桥
上海,11号线(嘉定北-迪士尼),浦三路
杭州,9号线,六堡
北京,16号线,万寿寺
上海,11号线(嘉定北-迪士尼),御桥
杭州,9号线,五堡
北京,16号线,国家图书馆
上海,11号线(嘉定北-迪士尼),罗山路
杭州,9号线,御道
北京,16号线,甘家口
上海,11号线(嘉定北-迪士尼),秀沿路
杭州,9号线,三堡
北京,16号线,玉渊潭东门
上海,11号线(嘉定北-迪士尼),康新公路
杭州,9号线,江河汇
北京,17号线,十里河
上海,11号线(嘉定北-迪士尼),迪士尼
杭州,9号线,钱江路
北京,17号线,周家庄
上海,11号线(花桥-迪士尼),迪士尼
杭州,9号线,新业路
北京,17号线,十八里店
上海,11号线(花桥-迪士尼),康新公路
杭州,9号线,观音塘
北京,17号线,北神树
上海,11号线(花桥-迪士尼),秀沿路
杭州,10号线,逸盛路
北京,17号线,次渠北
上海,11号线(花桥-迪士尼),罗山路
杭州,10号线,金德路
北京,17号线,次渠
上海,11号线(花桥-迪士尼),御桥
杭州,10号线,杭行路
北京,17号线,嘉会湖
上海,11号线(花桥-迪士尼),浦三路
杭州,10号线,祥园路
北京,19号线,新宫
上海,11号线(花桥-迪士尼),三林东
杭州,10号线,渡驾桥
北京,19号线,新发地
上海,11号线(花桥-迪士尼),三林
杭州,10号线,花园岗
北京,19号线,草桥
上海,11号线(花桥-迪士尼),东方体育中心
杭州,10号线,和睦
北京,19号线,景风门
上海,11号线(花桥-迪士尼),龙耀路
杭州,10号线,北大桥
北京,19号线,牛街
上海,11号线(花桥-迪士尼),云锦路
杭州,10号线,翠柏路
北京,19号线,太平桥
上海,11号线(花桥-迪士尼),龙华
杭州,10号线,学院路
北京,19号线,平安里
上海,11号线(花桥-迪士尼),上海游泳馆
杭州,10号线,文三路
北京,19号线,积水潭
上海,11号线(花桥-迪士尼),徐家汇
杭州,10号线,黄龙体育中心
北京,19号线,北太平庄
上海,11号线(花桥-迪士尼),交通大学
杭州,16号线,九州街
北京,19号线,牡丹园
上海,11号线(花桥-迪士尼),江苏路
杭州,16号线,临安广场
北京,昌平线,昌平西山口
上海,11号线(花桥-迪士尼),隆德路
杭州,16号线,农林大学
北京,昌平线,十三陵景区
上海,11号线(花桥-迪士尼),曹杨路
杭州,16号线,青山湖
北京,昌平线,昌平
上海,11号线(花桥-迪士尼),枫桥路
北京,昌平线,昌平东关
杭州,16号线,八百里
上海,11号线(花桥-迪士尼),真如
北京,昌平线,北邵洼
杭州,16号线,青山湖科技城
上海,11号线(花桥-迪士尼),上海西站
北京,昌平线,南邵
杭州,16号线,南峰
上海,11号线(花桥-迪士尼),李子园
北京,昌平线,沙河高教园
杭州,16号线,南湖
上海,11号线(花桥-迪士尼),祁连山路
北京,昌平线,沙河
杭州,16号线,中泰
上海,11号线(花桥-迪士尼),武威路
北京,昌平线,巩华城
杭州,16号线,禹航路
上海,11号线(花桥-迪士尼),桃浦新村
北京,昌平线,朱辛庄
杭州,16号线,凤新路
上海,11号线(花桥-迪士尼),南翔
北京,昌平线,生命科学园
杭州,16号线,绿汀路
上海,11号线(花桥-迪士尼),陈翔公路
北京,昌平线,西二旗
杭州,19号线,永盛路
上海,11号线(花桥-迪士尼),马陆
北京,昌平线,清河站
杭州,19号线,萧山国际机场
上海,11号线(花桥-迪士尼),嘉定新城
北京,大兴国际机场线,草桥
杭州,19号线,知行路
上海,11号线(花桥-迪士尼),上海赛车场
杭州,19号线,耕文路
北京,大兴国际机场线,大兴新城
上海,11号线(花桥-迪士尼),昌吉东路
杭州,19号线,平澜路
北京,大兴国际机场线,大兴机场
上海,11号线(花桥-迪士尼),上海汽车城
杭州,19号线,御道
北京,房山线,阎村东
上海,11号线(花桥-迪士尼),安亭
杭州,19号线,火车东站(东广场)
北京,房山线,苏庄
上海,11号线(花桥-迪士尼),兆丰路
杭州,19号线,驿城路
北京,房山线,良乡南关
上海,11号线(花桥-迪士尼),光明路
杭州,19号线,西湖文化广场
北京,房山线,良乡大学城西
上海,11号线(花桥-迪士尼),花桥
杭州,19号线,沈塘桥
北京,房山线,良乡大学城
上海,12号线,七莘路
杭州,19号线,文三路
北京,房山线,良乡大学城北
上海,12号线,虹莘路
杭州,19号线,五联
北京,房山线,广阳城
上海,12号线,顾戴路
杭州,19号线,西溪湿地北
北京,房山线,篱笆房
上海,12号线,东兰路
杭州,19号线,荆长路
北京,房山线,长阳
上海,12号线,虹梅路
杭州,19号线,海创园
北京,房山线,稻田
上海,12号线,虹漕路
杭州,19号线,创景路
北京,房山线,大葆台
上海,12号线,桂林公园
杭州,19号线,火车西站
北京,房山线,郭公庄
上海,12号线,漕宝路
杭州,杭海城际,临平南高铁站
北京,房山线,白盆窑
上海,12号线,龙漕路
杭州,杭海城际,许村
北京,房山线,花乡东桥
上海,12号线,龙华
杭州,杭海城际,海宁高铁西站
北京,房山线,首经贸
上海,12号线,龙华中路
杭州,杭海城际,长安(东方学院)
北京,房山线,东管头南
上海,12号线,大木桥路
杭州,杭海城际,长安东
北京,首都机场线,3号航站楼
上海,12号线,嘉善路
杭州,杭海城际,周王庙
北京,首都机场线,2号航站楼
上海,12号线,陕西南路
杭州,杭海城际,盐官
北京,首都机场线,三元桥
上海,12号线,南京西路
杭州,杭海城际,桐九公路
北京,首都机场线,东直门
上海,12号线,汉中路
杭州,杭海城际,斜桥
北京,首都机场线,北新桥
上海,12号线,曲阜路
杭州,杭海城际,皮革城
北京,西郊线,巴沟
上海,12号线,天潼路
杭州,杭海城际,海昌路
北京,西郊线,颐和园西门
上海,12号线,国际客运中心
杭州,杭海城际,浙大国际校区
北京,西郊线,茶棚
上海,12号线,提篮桥
北京,西郊线,万安
上海,12号线,大连路
北京,西郊线,国家植物园
上海,12号线,江浦公园
北京,西郊线,香山
上海,12号线,宁国路
北京,燕房线,阎村东
上海,12号线,隆昌路
北京,燕房线,紫草坞
上海,12号线,爱国路
北京,燕房线,阎村
上海,12号线,复兴岛
北京,燕房线,星城
上海,12号线,东陆路
北京,燕房线,大石河东
上海,12号线,巨峰路
北京,燕房线,马各庄
上海,12号线,杨高北路
北京,燕房线,饶乐府
上海,12号线,金京路
北京,燕房线,房山城关
上海,12号线,申江路
北京,燕房线,燕山
上海,12号线,金海路
北京,亦庄线,宋家庄
上海,13号线,金运路
北京,亦庄线,肖村
上海,13号线,金沙江西路
北京,亦庄线,小红门
上海,13号线,丰庄
北京,亦庄线,旧宫
上海,13号线,祁连山南路
北京,亦庄线,亦庄桥
上海,13号线,真北路
北京,亦庄线,亦庄文化园
上海,13号线,大渡河路
北京,亦庄线,万源街
上海,13号线,金沙江路
北京,亦庄线,荣京东街
上海,13号线,隆德路
北京,亦庄线,荣昌东街
上海,13号线,武宁路
北京,亦庄线,同济南路
上海,13号线,长寿路
北京,亦庄线,经海路
上海,13号线,江宁路
北京,亦庄线,次渠南
上海,13号线,汉中路
北京,亦庄线,次渠
上海,13号线,自然博物馆
北京,亦庄线,亦庄火车站
上海,13号线,南京西路
上海,13号线,淮海中路
上海,13号线,一大会址・新天地
上海,13号线,马当路
上海,13号线,世博会博物馆
上海,13号线,世博大道
上海,13号线,长清路
上海,13号线,成山路
上海,13号线,东明路
上海,13号线,华鹏路
上海,13号线,下南路
上海,13号线,北蔡
上海,13号线,陈春路
上海,13号线,莲溪路
上海,13号线,华夏中路
上海,13号线,华夏中路
上海,13号线,中科路
上海,13号线,学林路
上海,13号线,张江路
上海,14号线,封浜
上海,14号线,乐秀路
上海,14号线,临洮路
上海,14号线,嘉怡路
上海,14号线,定边路
上海,14号线,真新新村
上海,14号线,真光路
上海,14号线,铜川路
上海,14号线,真如
上海,14号线,中宁路
上海,14号线,曹杨路
上海,14号线,武宁路
上海,14号线,武定路
上海,14号线,静安寺
上海,14号线,一大会址・黄陂南路
上海,14号线,大世界
上海,14号线,豫园
上海,14号线,陆家嘴
上海,14号线,浦东南路
上海,14号线,浦东大道
上海,14号线,源深路
上海,14号线,昌邑路
上海,14号线,歇浦路
上海,14号线,云山路
上海,14号线,蓝天路
上海,14号线,黄杨路
上海,14号线,云顺路
上海,14号线,浦东足球场
上海,14号线,金粤路
上海,14号线,桂桥路
上海,15号线,顾村公园
上海,15号线,锦秋路
上海,15号线,丰翔路
上海,15号线,南大路
上海,15号线,祁安路
上海,15号线,古浪路
上海,15号线,武威东路
上海,15号线,上海西站
上海,15号线,铜川路
上海,15号线,梅岭北路
上海,15号线,大渡河路
上海,15号线,长风公园
上海,15号线,娄山关路
上海,15号线,红宝石路
上海,15号线,姚虹路
上海,15号线,吴中路
上海,15号线,桂林路
上海,15号线,桂林公园
上海,15号线,上海南站
上海,15号线,华东理工大学
上海,15号线,罗秀路
上海,15号线,朱梅路
上海,15号线,华泾西
上海,15号线,虹梅南路
上海,15号线,景西路
上海,15号线,曙建路
上海,15号线,双柏路
上海,15号线,元江路
上海,15号线,永德路
上海,15号线,紫竹高新区
上海,16号线,龙阳路
上海,16号线,华夏中路
上海,16号线,罗山路
上海,16号线,周浦东
上海,16号线,鹤沙航城
上海,16号线,航头东
上海,16号线,新场
上海,16号线,野生动物园
上海,16号线,惠南
上海,16号线,惠南东
上海,16号线,书院
上海,16号线,临港大道
上海,16号线,滴水湖
上海,17号线,虹桥火车站
上海,17号线,诸光路
上海,17号线,蟠龙路
上海,17号线,徐盈路
上海,17号线,徐泾北城
上海,17号线,嘉松中路
上海,17号线,赵巷
上海,17号线,汇金路
上海,17号线,青浦新城
上海,17号线,漕盈路
上海,17号线,淀山湖大道
上海,17号线,朱家角
上海,17号线,东方绿舟
上海,18号线,长江南路
上海,18号线,殷高路
上海,18号线,上海财经大学
上海,18号线,复旦大学
上海,18号线,国权路
上海,18号线,抚顺路
上海,18号线,江浦路
上海,18号线,江浦公园
上海,18号线,平凉路
上海,18号线,丹阳路
上海,18号线,昌邑路
上海,18号线,民生路
上海,18号线,杨高中路
上海,18号线,迎春路
上海,18号线,龙阳路
上海,18号线,芳芯路
上海,18号线,北中路
上海,18号线,莲溪路
上海,18号线,御桥
上海,18号线,康桥
上海,18号线,周浦
上海,18号线,繁荣路
上海,18号线,沈梅路
上海,18号线,鹤涛路
上海,18号线,下沙
上海,18号线,航头
上海,磁悬浮,浦东国际机场
上海,磁悬浮,龙阳路
上海,浦江线,沈杜公路
上海,浦江线,三鲁公路
上海,浦江线,闵瑞路
上海,浦江线,浦航路
上海,浦江线,东城一路
上海,浦江线,汇臻路
